{"level":"info","message":"Starting system validation...","service":"mexc-trader","timestamp":"2025-10-04 07:48:58"}
{"level":"error","message":"Dependencies validation failed","missingPackages":["playwright","ccxt","express","ws","winston"],"service":"mexc-trader","timestamp":"2025-10-04 07:48:58"}
{"error":"Missing required packages: playwright, ccxt, express, ws, winston. Run 'npm install' to install them.","level":"error","message":"System validation failed","service":"mexc-trader","timestamp":"2025-10-04 07:48:59"}
{"error":"Missing required packages: playwright, ccxt, express, ws, winston. Run 'npm install' to install them.","level":"error","message":"Uncaught Exception","service":"mexc-trader","stack":"Error: Missing required packages: playwright, ccxt, express, ws, winston. Run 'npm install' to install them.\n    at validateDependencies (C:\\Users\\nesta\\YandexDisk\\! Проекты (1)\\Cursor\\Test bot\\src\\configValidation.ts:101:11)\n    at validateSystem (C:\\Users\\nesta\\YandexDisk\\! Проекты (1)\\Cursor\\Test bot\\src\\configValidation.ts:113:5)\n    at <anonymous> (C:\\Users\\nesta\\YandexDisk\\! Проекты (1)\\Cursor\\Test bot\\src\\config.ts:29:23)\n    at ModuleJob.run (node:internal/modules/esm/module_job:345:25)\n    at async onImport.tracePromise.__proto__ (node:internal/modules/esm/loader:665:26)\n    at async asyncRunEntryPointWithESMLoader (node:internal/modules/run_main:117:5)","timestamp":"2025-10-04 07:48:59"}
{"level":"info","message":"Starting system validation...","service":"mexc-trader","timestamp":"2025-10-04 07:54:43"}
{"level":"error","message":"Dependencies validation failed","missingPackages":["playwright","ccxt","express","ws","winston"],"service":"mexc-trader","timestamp":"2025-10-04 07:54:43"}
{"error":"Missing required packages: playwright, ccxt, express, ws, winston. Run 'npm install' to install them.","level":"error","message":"System validation failed","service":"mexc-trader","timestamp":"2025-10-04 07:54:43"}
{"error":"Missing required packages: playwright, ccxt, express, ws, winston. Run 'npm install' to install them.","level":"error","message":"Uncaught Exception","service":"mexc-trader","stack":"Error: Missing required packages: playwright, ccxt, express, ws, winston. Run 'npm install' to install them.\n    at validateDependencies (C:\\Users\\nesta\\YandexDisk\\! Проекты (1)\\Cursor\\Test bot\\src\\configValidation.ts:104:11)\n    at validateSystem (C:\\Users\\nesta\\YandexDisk\\! Проекты (1)\\Cursor\\Test bot\\src\\configValidation.ts:116:5)\n    at <anonymous> (C:\\Users\\nesta\\YandexDisk\\! Проекты (1)\\Cursor\\Test bot\\src\\config.ts:31:23)\n    at ModuleJob.run (node:internal/modules/esm/module_job:345:25)\n    at async onImport.tracePromise.__proto__ (node:internal/modules/esm/loader:665:26)\n    at async asyncRunEntryPointWithESMLoader (node:internal/modules/run_main:117:5)","timestamp":"2025-10-04 07:54:43"}
{"level":"info","message":"Starting system validation...","service":"mexc-trader","timestamp":"2025-10-04 07:54:56"}
{"level":"error","message":"Dependencies validation failed","missingPackages":["playwright","ccxt","express","ws","winston"],"service":"mexc-trader","timestamp":"2025-10-04 07:54:56"}
{"error":"Missing required packages: playwright, ccxt, express, ws, winston. Run 'npm install' to install them.","level":"error","message":"System validation failed","service":"mexc-trader","timestamp":"2025-10-04 07:54:56"}
{"error":"Missing required packages: playwright, ccxt, express, ws, winston. Run 'npm install' to install them.","level":"error","message":"Uncaught Exception","service":"mexc-trader","stack":"Error: Missing required packages: playwright, ccxt, express, ws, winston. Run 'npm install' to install them.\n    at validateDependencies (C:\\Users\\nesta\\YandexDisk\\! Проекты (1)\\Cursor\\Test bot\\src\\configValidation.ts:104:11)\n    at validateSystem (C:\\Users\\nesta\\YandexDisk\\! Проекты (1)\\Cursor\\Test bot\\src\\configValidation.ts:116:5)\n    at <anonymous> (C:\\Users\\nesta\\YandexDisk\\! Проекты (1)\\Cursor\\Test bot\\src\\config.ts:31:23)\n    at ModuleJob.run (node:internal/modules/esm/module_job:345:25)\n    at async onImport.tracePromise.__proto__ (node:internal/modules/esm/loader:665:26)\n    at async asyncRunEntryPointWithESMLoader (node:internal/modules/run_main:117:5)","timestamp":"2025-10-04 07:54:56"}
{"level":"info","message":"Starting system validation...","service":"mexc-trader","timestamp":"2025-10-04 07:55:42"}
{"level":"info","message":"Dependencies validation skipped in ES modules","service":"mexc-trader","timestamp":"2025-10-04 07:55:42"}
{"level":"error","message":"Environment validation failed","missingVars":["MEXC_UID"],"service":"mexc-trader","timestamp":"2025-10-04 07:55:42"}
{"error":"Missing required environment variables: MEXC_UID","level":"error","message":"System validation failed","service":"mexc-trader","timestamp":"2025-10-04 07:55:42"}
{"error":"Missing required environment variables: MEXC_UID","level":"error","message":"Uncaught Exception","service":"mexc-trader","stack":"Error: Missing required environment variables: MEXC_UID\n    at validateEnvironmentVariables (C:\\Users\\nesta\\YandexDisk\\! Проекты (1)\\Cursor\\Test bot\\src\\configValidation.ts:82:11)\n    at validateSystem (C:\\Users\\nesta\\YandexDisk\\! Проекты (1)\\Cursor\\Test bot\\src\\configValidation.ts:104:5)\n    at <anonymous> (C:\\Users\\nesta\\YandexDisk\\! Проекты (1)\\Cursor\\Test bot\\src\\config.ts:31:23)\n    at ModuleJob.run (node:internal/modules/esm/module_job:345:25)\n    at async onImport.tracePromise.__proto__ (node:internal/modules/esm/loader:665:26)\n    at async asyncRunEntryPointWithESMLoader (node:internal/modules/run_main:117:5)","timestamp":"2025-10-04 07:55:42"}
{"level":"info","message":"Starting system validation...","service":"mexc-trader","timestamp":"2025-10-04 07:56:20"}
{"level":"info","message":"Dependencies validation skipped in ES modules","service":"mexc-trader","timestamp":"2025-10-04 07:56:20"}
{"level":"error","message":"Environment validation failed","missingVars":["MEXC_UID"],"service":"mexc-trader","timestamp":"2025-10-04 07:56:20"}
{"error":"Missing required environment variables: MEXC_UID","level":"error","message":"System validation failed","service":"mexc-trader","timestamp":"2025-10-04 07:56:20"}
{"error":"Missing required environment variables: MEXC_UID","level":"error","message":"Uncaught Exception","service":"mexc-trader","stack":"Error: Missing required environment variables: MEXC_UID\n    at validateEnvironmentVariables (C:\\Users\\nesta\\YandexDisk\\! Проекты (1)\\Cursor\\Test bot\\src\\configValidation.ts:82:11)\n    at validateSystem (C:\\Users\\nesta\\YandexDisk\\! Проекты (1)\\Cursor\\Test bot\\src\\configValidation.ts:104:5)\n    at <anonymous> (C:\\Users\\nesta\\YandexDisk\\! Проекты (1)\\Cursor\\Test bot\\src\\config.ts:31:23)\n    at ModuleJob.run (node:internal/modules/esm/module_job:345:25)\n    at async onImport.tracePromise.__proto__ (node:internal/modules/esm/loader:665:26)\n    at async asyncRunEntryPointWithESMLoader (node:internal/modules/run_main:117:5)","timestamp":"2025-10-04 07:56:20"}
{"level":"info","message":"Starting system validation...","service":"mexc-trader","timestamp":"2025-10-04 07:56:55"}
{"level":"info","message":"Dependencies validation skipped in ES modules","service":"mexc-trader","timestamp":"2025-10-04 07:56:55"}
{"level":"error","message":"Environment validation failed","missingVars":["MEXC_UID"],"service":"mexc-trader","timestamp":"2025-10-04 07:56:55"}
{"error":"Missing required environment variables: MEXC_UID","level":"error","message":"System validation failed","service":"mexc-trader","timestamp":"2025-10-04 07:56:55"}
{"error":"Missing required environment variables: MEXC_UID","level":"error","message":"Uncaught Exception","service":"mexc-trader","stack":"Error: Missing required environment variables: MEXC_UID\n    at validateEnvironmentVariables (C:\\Users\\nesta\\YandexDisk\\! Проекты (1)\\Cursor\\Test bot\\src\\configValidation.ts:82:11)\n    at validateSystem (C:\\Users\\nesta\\YandexDisk\\! Проекты (1)\\Cursor\\Test bot\\src\\configValidation.ts:104:5)\n    at <anonymous> (C:\\Users\\nesta\\YandexDisk\\! Проекты (1)\\Cursor\\Test bot\\src\\config.ts:31:23)\n    at ModuleJob.run (node:internal/modules/esm/module_job:345:25)\n    at async onImport.tracePromise.__proto__ (node:internal/modules/esm/loader:665:26)\n    at async asyncRunEntryPointWithESMLoader (node:internal/modules/run_main:117:5)","timestamp":"2025-10-04 07:56:55"}
{"level":"info","message":"Starting system validation...","service":"mexc-trader","timestamp":"2025-10-04 07:57:02"}
{"level":"info","message":"Dependencies validation skipped in ES modules","service":"mexc-trader","timestamp":"2025-10-04 07:57:02"}
{"level":"error","message":"Environment validation failed","missingVars":["MEXC_UID"],"service":"mexc-trader","timestamp":"2025-10-04 07:57:02"}
{"error":"Missing required environment variables: MEXC_UID","level":"error","message":"System validation failed","service":"mexc-trader","timestamp":"2025-10-04 07:57:02"}
{"error":"Missing required environment variables: MEXC_UID","level":"error","message":"Uncaught Exception","service":"mexc-trader","stack":"Error: Missing required environment variables: MEXC_UID\n    at validateEnvironmentVariables (C:\\Users\\nesta\\YandexDisk\\! Проекты (1)\\Cursor\\Test bot\\src\\configValidation.ts:82:11)\n    at validateSystem (C:\\Users\\nesta\\YandexDisk\\! Проекты (1)\\Cursor\\Test bot\\src\\configValidation.ts:104:5)\n    at <anonymous> (C:\\Users\\nesta\\YandexDisk\\! Проекты (1)\\Cursor\\Test bot\\src\\config.ts:31:23)\n    at ModuleJob.run (node:internal/modules/esm/module_job:345:25)\n    at async onImport.tracePromise.__proto__ (node:internal/modules/esm/loader:665:26)\n    at async asyncRunEntryPointWithESMLoader (node:internal/modules/run_main:117:5)","timestamp":"2025-10-04 07:57:02"}
{"level":"info","message":"Starting system validation...","service":"mexc-trader","timestamp":"2025-10-04 07:57:22"}
{"level":"info","message":"Dependencies validation skipped in ES modules","service":"mexc-trader","timestamp":"2025-10-04 07:57:22"}
{"level":"info","message":"Environment variables validated successfully","service":"mexc-trader","timestamp":"2025-10-04 07:57:22"}
{"level":"info","message":"Configuration validated successfully","service":"mexc-trader","timestamp":"2025-10-04 07:57:22"}
{"level":"info","message":"System validation completed successfully","service":"mexc-trader","timestamp":"2025-10-04 07:57:22"}
{"level":"info","message":"Backup strategy registered","priority":1,"service":"mexc-trader","strategy":"cache","timestamp":"2025-10-04 07:57:25"}
{"level":"info","message":"Backup strategy registered","priority":2,"service":"mexc-trader","strategy":"offline","timestamp":"2025-10-04 07:57:25"}
{"level":"info","message":"Backup strategy registered","priority":3,"service":"mexc-trader","strategy":"alternative_api","timestamp":"2025-10-04 07:57:25"}
{"level":"info","message":"Backup strategy registered","priority":4,"service":"mexc-trader","strategy":"degraded_mode","timestamp":"2025-10-04 07:57:25"}
{"level":"info","message":"Backup strategies initialized","service":"mexc-trader","strategies":["cache","offline","alternative_api","degraded_mode"],"timestamp":"2025-10-04 07:57:25"}
{"action":"Starting browser","headless":true,"level":"info","message":"Browser action","proxy":false,"service":"mexc-trader","timestamp":"2025-10-04 07:57:25"}
{"level":"info","message":"HTTP server started","port":3000,"service":"mexc-trader","timestamp":"2025-10-04 07:57:25","url":"http://localhost:3000"}
{"error":"Не авторизован - проверьте UID","level":"error","message":"Браузер не работает","service":"mexc-trader","timestamp":"2025-10-04 07:57:31"}
{"level":"warn","message":"Authentication","reason":"Не авторизован - проверьте UID","service":"mexc-trader","status":"failed","timestamp":"2025-10-04 07:57:31"}
{"endpoint":"YNE","level":"info","message":"API call","method":"canTrade","service":"mexc-trader","status":200,"timestamp":"2025-10-04 07:57:34"}
{"endpoint":"YNE","level":"info","message":"API call","method":"canTrade","service":"mexc-trader","status":200,"timestamp":"2025-10-04 07:57:34"}
{"level":"info","message":"Executing primary operation","service":"mexc-trader","timestamp":"2025-10-04 07:57:34"}
{"level":"info","message":"Executing primary operation","service":"mexc-trader","timestamp":"2025-10-04 07:57:34"}
{"endpoint":"YNE","level":"info","message":"API call","method":"canTrade","service":"mexc-trader","status":200,"timestamp":"2025-10-04 07:57:34"}
{"level":"info","message":"Executing primary operation","service":"mexc-trader","timestamp":"2025-10-04 07:57:34"}
{"endpoint":"YNE","level":"info","message":"API call","method":"canTrade","service":"mexc-trader","status":200,"timestamp":"2025-10-04 07:57:35"}
{"level":"info","message":"Executing primary operation","service":"mexc-trader","timestamp":"2025-10-04 07:57:35"}
{"endpoint":"YNE","level":"info","message":"API call","method":"canTrade","service":"mexc-trader","status":200,"timestamp":"2025-10-04 07:57:36"}
{"level":"info","message":"Executing primary operation","service":"mexc-trader","timestamp":"2025-10-04 07:57:36"}
{"endpoint":"YNE","level":"info","message":"API call","method":"canTrade","service":"mexc-trader","status":200,"timestamp":"2025-10-04 07:57:37"}
{"level":"info","message":"Executing primary operation","service":"mexc-trader","timestamp":"2025-10-04 07:57:37"}
{"endpoint":"YNE","level":"info","message":"API call","method":"canTrade","service":"mexc-trader","status":200,"timestamp":"2025-10-04 07:57:38"}
{"level":"info","message":"Executing primary operation","service":"mexc-trader","timestamp":"2025-10-04 07:57:38"}
{"endpoint":"YNE","level":"info","message":"API call","method":"canTrade","service":"mexc-trader","status":200,"timestamp":"2025-10-04 07:57:39"}
{"level":"info","message":"Executing primary operation","service":"mexc-trader","timestamp":"2025-10-04 07:57:39"}
{"level":"info","message":"Primary operation succeeded","service":"mexc-trader","timestamp":"2025-10-04 07:57:40"}
{"duration":"5337ms","endpoint":"YNE","level":"info","message":"API call","method":"orderBook","service":"mexc-trader","status":200,"timestamp":"2025-10-04 07:57:40"}
{"level":"info","message":"Primary operation succeeded","service":"mexc-trader","timestamp":"2025-10-04 07:57:40"}
{"duration":"5373ms","endpoint":"YNE","level":"info","message":"API call","method":"orderBook","service":"mexc-trader","status":200,"timestamp":"2025-10-04 07:57:40"}
{"level":"info","message":"Primary operation succeeded","service":"mexc-trader","timestamp":"2025-10-04 07:57:40"}
{"duration":"5478ms","endpoint":"YNE","level":"info","message":"API call","method":"orderBook","service":"mexc-trader","status":200,"timestamp":"2025-10-04 07:57:40"}
{"level":"info","message":"Primary operation succeeded","service":"mexc-trader","timestamp":"2025-10-04 07:57:40"}
{"duration":"3556ms","endpoint":"YNE","level":"info","message":"API call","method":"orderBook","service":"mexc-trader","status":200,"timestamp":"2025-10-04 07:57:40"}
{"level":"info","message":"Primary operation succeeded","service":"mexc-trader","timestamp":"2025-10-04 07:57:40"}
{"duration":"4614ms","endpoint":"YNE","level":"info","message":"API call","method":"orderBook","service":"mexc-trader","status":200,"timestamp":"2025-10-04 07:57:40"}
{"level":"info","message":"Primary operation succeeded","service":"mexc-trader","timestamp":"2025-10-04 07:57:40"}
{"duration":"2625ms","endpoint":"YNE","level":"info","message":"API call","method":"orderBook","service":"mexc-trader","status":200,"timestamp":"2025-10-04 07:57:40"}
{"level":"info","message":"Primary operation succeeded","service":"mexc-trader","timestamp":"2025-10-04 07:57:40"}
{"duration":"1617ms","endpoint":"YNE","level":"info","message":"API call","method":"orderBook","service":"mexc-trader","status":200,"timestamp":"2025-10-04 07:57:40"}
{"level":"info","message":"Primary operation succeeded","service":"mexc-trader","timestamp":"2025-10-04 07:57:40"}
{"duration":"686ms","endpoint":"YNE","level":"info","message":"API call","method":"orderBook","service":"mexc-trader","status":200,"timestamp":"2025-10-04 07:57:40"}
{"endpoint":"YNE","level":"info","message":"API call","method":"canTrade","service":"mexc-trader","status":200,"timestamp":"2025-10-04 07:57:40"}
{"level":"info","message":"Executing primary operation","service":"mexc-trader","timestamp":"2025-10-04 07:57:40"}
{"level":"info","message":"Primary operation succeeded","service":"mexc-trader","timestamp":"2025-10-04 07:57:41"}
{"duration":"361ms","endpoint":"YNE","level":"info","message":"API call","method":"orderBook","service":"mexc-trader","status":200,"timestamp":"2025-10-04 07:57:41"}
{"endpoint":"YNE","level":"info","message":"API call","method":"canTrade","service":"mexc-trader","status":200,"timestamp":"2025-10-04 07:57:41"}
{"level":"info","message":"Executing primary operation","service":"mexc-trader","timestamp":"2025-10-04 07:57:41"}
{"level":"info","message":"Primary operation succeeded","service":"mexc-trader","timestamp":"2025-10-04 07:57:42"}
{"duration":"332ms","endpoint":"YNE","level":"info","message":"API call","method":"orderBook","service":"mexc-trader","status":200,"timestamp":"2025-10-04 07:57:42"}
{"endpoint":"YNE","level":"info","message":"API call","method":"canTrade","service":"mexc-trader","status":200,"timestamp":"2025-10-04 07:57:42"}
{"level":"info","message":"Executing primary operation","service":"mexc-trader","timestamp":"2025-10-04 07:57:42"}
{"level":"info","message":"Primary operation succeeded","service":"mexc-trader","timestamp":"2025-10-04 07:57:43"}
{"duration":"604ms","endpoint":"YNE","level":"info","message":"API call","method":"orderBook","service":"mexc-trader","status":200,"timestamp":"2025-10-04 07:57:43"}
{"endpoint":"YNE","level":"info","message":"API call","method":"canTrade","service":"mexc-trader","status":200,"timestamp":"2025-10-04 07:57:43"}
{"level":"info","message":"Executing primary operation","service":"mexc-trader","timestamp":"2025-10-04 07:57:43"}
{"level":"info","message":"Primary operation succeeded","service":"mexc-trader","timestamp":"2025-10-04 07:57:44"}
{"duration":"303ms","endpoint":"YNE","level":"info","message":"API call","method":"orderBook","service":"mexc-trader","status":200,"timestamp":"2025-10-04 07:57:44"}
{"endpoint":"YNE","level":"info","message":"API call","method":"canTrade","service":"mexc-trader","status":200,"timestamp":"2025-10-04 07:57:44"}
{"level":"info","message":"Executing primary operation","service":"mexc-trader","timestamp":"2025-10-04 07:57:44"}
{"level":"info","message":"Primary operation succeeded","service":"mexc-trader","timestamp":"2025-10-04 07:57:45"}
{"duration":"367ms","endpoint":"YNE","level":"info","message":"API call","method":"orderBook","service":"mexc-trader","status":200,"timestamp":"2025-10-04 07:57:45"}
{"endpoint":"YNE","level":"info","message":"API call","method":"canTrade","service":"mexc-trader","status":200,"timestamp":"2025-10-04 07:57:45"}
{"level":"info","message":"Executing primary operation","service":"mexc-trader","timestamp":"2025-10-04 07:57:45"}
{"level":"info","message":"Primary operation succeeded","service":"mexc-trader","timestamp":"2025-10-04 07:57:46"}
{"duration":"334ms","endpoint":"YNE","level":"info","message":"API call","method":"orderBook","service":"mexc-trader","status":200,"timestamp":"2025-10-04 07:57:46"}
{"endpoint":"YNE","level":"info","message":"API call","method":"canTrade","service":"mexc-trader","status":200,"timestamp":"2025-10-04 07:57:46"}
{"level":"info","message":"Executing primary operation","service":"mexc-trader","timestamp":"2025-10-04 07:57:46"}
{"level":"info","message":"Primary operation succeeded","service":"mexc-trader","timestamp":"2025-10-04 07:57:47"}
{"duration":"290ms","endpoint":"YNE","level":"info","message":"API call","method":"orderBook","service":"mexc-trader","status":200,"timestamp":"2025-10-04 07:57:47"}
{"endpoint":"YNE","level":"info","message":"API call","method":"canTrade","service":"mexc-trader","status":200,"timestamp":"2025-10-04 07:57:47"}
{"level":"info","message":"Executing primary operation","service":"mexc-trader","timestamp":"2025-10-04 07:57:47"}
{"level":"info","message":"Primary operation succeeded","service":"mexc-trader","timestamp":"2025-10-04 07:57:48"}
{"duration":"302ms","endpoint":"YNE","level":"info","message":"API call","method":"orderBook","service":"mexc-trader","status":200,"timestamp":"2025-10-04 07:57:48"}
{"endpoint":"YNE","level":"info","message":"API call","method":"canTrade","service":"mexc-trader","status":200,"timestamp":"2025-10-04 07:57:48"}
{"level":"info","message":"Executing primary operation","service":"mexc-trader","timestamp":"2025-10-04 07:57:48"}
{"level":"info","message":"Primary operation succeeded","service":"mexc-trader","timestamp":"2025-10-04 07:57:49"}
{"duration":"291ms","endpoint":"YNE","level":"info","message":"API call","method":"orderBook","service":"mexc-trader","status":200,"timestamp":"2025-10-04 07:57:49"}
{"endpoint":"YNE","level":"info","message":"API call","method":"canTrade","service":"mexc-trader","status":200,"timestamp":"2025-10-04 07:57:49"}
{"level":"info","message":"Executing primary operation","service":"mexc-trader","timestamp":"2025-10-04 07:57:49"}
{"level":"info","message":"Primary operation succeeded","service":"mexc-trader","timestamp":"2025-10-04 07:57:50"}
{"duration":"343ms","endpoint":"YNE","level":"info","message":"API call","method":"orderBook","service":"mexc-trader","status":200,"timestamp":"2025-10-04 07:57:50"}
{"endpoint":"YNE","level":"info","message":"API call","method":"canTrade","service":"mexc-trader","status":200,"timestamp":"2025-10-04 07:57:51"}
{"level":"info","message":"Executing primary operation","service":"mexc-trader","timestamp":"2025-10-04 07:57:51"}
{"level":"info","message":"Primary operation succeeded","service":"mexc-trader","timestamp":"2025-10-04 07:57:51"}
{"duration":"348ms","endpoint":"YNE","level":"info","message":"API call","method":"orderBook","service":"mexc-trader","status":200,"timestamp":"2025-10-04 07:57:51"}
{"endpoint":"YNE","level":"info","message":"API call","method":"canTrade","service":"mexc-trader","status":200,"timestamp":"2025-10-04 07:57:52"}
{"level":"info","message":"Executing primary operation","service":"mexc-trader","timestamp":"2025-10-04 07:57:52"}
{"level":"info","message":"Primary operation succeeded","service":"mexc-trader","timestamp":"2025-10-04 07:57:52"}
{"duration":"292ms","endpoint":"YNE","level":"info","message":"API call","method":"orderBook","service":"mexc-trader","status":200,"timestamp":"2025-10-04 07:57:52"}
{"endpoint":"YNE","level":"info","message":"API call","method":"canTrade","service":"mexc-trader","status":200,"timestamp":"2025-10-04 07:57:53"}
{"level":"info","message":"Executing primary operation","service":"mexc-trader","timestamp":"2025-10-04 07:57:53"}
{"level":"info","message":"Primary operation succeeded","service":"mexc-trader","timestamp":"2025-10-04 07:57:53"}
{"duration":"293ms","endpoint":"YNE","level":"info","message":"API call","method":"orderBook","service":"mexc-trader","status":200,"timestamp":"2025-10-04 07:57:53"}
{"endpoint":"YNE","level":"info","message":"API call","method":"canTrade","service":"mexc-trader","status":200,"timestamp":"2025-10-04 07:57:54"}
{"level":"info","message":"Executing primary operation","service":"mexc-trader","timestamp":"2025-10-04 07:57:54"}
{"level":"info","message":"Primary operation succeeded","service":"mexc-trader","timestamp":"2025-10-04 07:57:54"}
{"duration":"335ms","endpoint":"YNE","level":"info","message":"API call","method":"orderBook","service":"mexc-trader","status":200,"timestamp":"2025-10-04 07:57:54"}
{"endpoint":"YNE","level":"info","message":"API call","method":"canTrade","service":"mexc-trader","status":200,"timestamp":"2025-10-04 07:57:55"}
{"level":"info","message":"Executing primary operation","service":"mexc-trader","timestamp":"2025-10-04 07:57:55"}
{"level":"info","message":"Primary operation succeeded","service":"mexc-trader","timestamp":"2025-10-04 07:57:55"}
{"duration":"345ms","endpoint":"YNE","level":"info","message":"API call","method":"orderBook","service":"mexc-trader","status":200,"timestamp":"2025-10-04 07:57:55"}
{"endpoint":"YNE","level":"info","message":"API call","method":"canTrade","service":"mexc-trader","status":200,"timestamp":"2025-10-04 07:57:56"}
{"level":"info","message":"Executing primary operation","service":"mexc-trader","timestamp":"2025-10-04 07:57:56"}
{"level":"info","message":"Primary operation succeeded","service":"mexc-trader","timestamp":"2025-10-04 07:57:56"}
{"duration":"402ms","endpoint":"YNE","level":"info","message":"API call","method":"orderBook","service":"mexc-trader","status":200,"timestamp":"2025-10-04 07:57:56"}
{"endpoint":"YNE","level":"info","message":"API call","method":"canTrade","service":"mexc-trader","status":200,"timestamp":"2025-10-04 07:57:57"}
{"level":"info","message":"Executing primary operation","service":"mexc-trader","timestamp":"2025-10-04 07:57:57"}
{"level":"info","message":"Primary operation succeeded","service":"mexc-trader","timestamp":"2025-10-04 07:57:57"}
{"duration":"346ms","endpoint":"YNE","level":"info","message":"API call","method":"orderBook","service":"mexc-trader","status":200,"timestamp":"2025-10-04 07:57:57"}
{"endpoint":"YNE","level":"info","message":"API call","method":"canTrade","service":"mexc-trader","status":200,"timestamp":"2025-10-04 07:57:58"}
{"level":"info","message":"Executing primary operation","service":"mexc-trader","timestamp":"2025-10-04 07:57:58"}
{"level":"info","message":"Primary operation succeeded","service":"mexc-trader","timestamp":"2025-10-04 07:57:58"}
{"duration":"348ms","endpoint":"YNE","level":"info","message":"API call","method":"orderBook","service":"mexc-trader","status":200,"timestamp":"2025-10-04 07:57:58"}
{"endpoint":"YNE","level":"info","message":"API call","method":"canTrade","service":"mexc-trader","status":200,"timestamp":"2025-10-04 07:57:59"}
{"level":"info","message":"Executing primary operation","service":"mexc-trader","timestamp":"2025-10-04 07:57:59"}
{"level":"info","message":"Primary operation succeeded","service":"mexc-trader","timestamp":"2025-10-04 07:57:59"}
{"duration":"353ms","endpoint":"YNE","level":"info","message":"API call","method":"orderBook","service":"mexc-trader","status":200,"timestamp":"2025-10-04 07:57:59"}
{"endpoint":"YNE","level":"info","message":"API call","method":"canTrade","service":"mexc-trader","status":200,"timestamp":"2025-10-04 07:58:00"}
{"level":"info","message":"Executing primary operation","service":"mexc-trader","timestamp":"2025-10-04 07:58:00"}
{"level":"info","message":"Primary operation succeeded","service":"mexc-trader","timestamp":"2025-10-04 07:58:00"}
{"duration":"294ms","endpoint":"YNE","level":"info","message":"API call","method":"orderBook","service":"mexc-trader","status":200,"timestamp":"2025-10-04 07:58:00"}
{"endpoint":"YNE","level":"info","message":"API call","method":"canTrade","service":"mexc-trader","status":200,"timestamp":"2025-10-04 07:58:01"}
{"level":"info","message":"Executing primary operation","service":"mexc-trader","timestamp":"2025-10-04 07:58:01"}
{"level":"info","message":"Primary operation succeeded","service":"mexc-trader","timestamp":"2025-10-04 07:58:01"}
{"duration":"309ms","endpoint":"YNE","level":"info","message":"API call","method":"orderBook","service":"mexc-trader","status":200,"timestamp":"2025-10-04 07:58:01"}
{"endpoint":"YNE","level":"info","message":"API call","method":"canTrade","service":"mexc-trader","status":200,"timestamp":"2025-10-04 07:58:02"}
{"level":"info","message":"Executing primary operation","service":"mexc-trader","timestamp":"2025-10-04 07:58:02"}
{"level":"info","message":"Primary operation succeeded","service":"mexc-trader","timestamp":"2025-10-04 07:58:02"}
{"duration":"383ms","endpoint":"YNE","level":"info","message":"API call","method":"orderBook","service":"mexc-trader","status":200,"timestamp":"2025-10-04 07:58:02"}
{"endpoint":"YNE","level":"info","message":"API call","method":"canTrade","service":"mexc-trader","status":200,"timestamp":"2025-10-04 07:58:03"}
{"level":"info","message":"Executing primary operation","service":"mexc-trader","timestamp":"2025-10-04 07:58:03"}
{"level":"info","message":"Primary operation succeeded","service":"mexc-trader","timestamp":"2025-10-04 07:58:03"}
{"duration":"663ms","endpoint":"YNE","level":"info","message":"API call","method":"orderBook","service":"mexc-trader","status":200,"timestamp":"2025-10-04 07:58:03"}
{"endpoint":"YNE","level":"info","message":"API call","method":"canTrade","service":"mexc-trader","status":200,"timestamp":"2025-10-04 07:58:04"}
{"level":"info","message":"Executing primary operation","service":"mexc-trader","timestamp":"2025-10-04 07:58:04"}
{"level":"info","message":"Primary operation succeeded","service":"mexc-trader","timestamp":"2025-10-04 07:58:04"}
{"duration":"381ms","endpoint":"YNE","level":"info","message":"API call","method":"orderBook","service":"mexc-trader","status":200,"timestamp":"2025-10-04 07:58:04"}
{"endpoint":"YNE","level":"info","message":"API call","method":"canTrade","service":"mexc-trader","status":200,"timestamp":"2025-10-04 07:58:05"}
{"level":"info","message":"Executing primary operation","service":"mexc-trader","timestamp":"2025-10-04 07:58:05"}
{"level":"info","message":"Primary operation succeeded","service":"mexc-trader","timestamp":"2025-10-04 07:58:06"}
{"duration":"365ms","endpoint":"YNE","level":"info","message":"API call","method":"orderBook","service":"mexc-trader","status":200,"timestamp":"2025-10-04 07:58:06"}
{"endpoint":"YNE","level":"info","message":"API call","method":"canTrade","service":"mexc-trader","status":200,"timestamp":"2025-10-04 07:58:06"}
{"level":"info","message":"Executing primary operation","service":"mexc-trader","timestamp":"2025-10-04 07:58:06"}
{"level":"info","message":"Primary operation succeeded","service":"mexc-trader","timestamp":"2025-10-04 07:58:06"}
{"duration":"339ms","endpoint":"YNE","level":"info","message":"API call","method":"orderBook","service":"mexc-trader","status":200,"timestamp":"2025-10-04 07:58:06"}
{"endpoint":"YNE","level":"info","message":"API call","method":"canTrade","service":"mexc-trader","status":200,"timestamp":"2025-10-04 07:58:07"}
{"level":"info","message":"Executing primary operation","service":"mexc-trader","timestamp":"2025-10-04 07:58:07"}
{"level":"info","message":"Primary operation succeeded","service":"mexc-trader","timestamp":"2025-10-04 07:58:07"}
{"duration":"375ms","endpoint":"YNE","level":"info","message":"API call","method":"orderBook","service":"mexc-trader","status":200,"timestamp":"2025-10-04 07:58:07"}
{"endpoint":"YNE","level":"info","message":"API call","method":"canTrade","service":"mexc-trader","status":200,"timestamp":"2025-10-04 07:58:08"}
{"level":"info","message":"Executing primary operation","service":"mexc-trader","timestamp":"2025-10-04 07:58:08"}
{"level":"info","message":"Primary operation succeeded","service":"mexc-trader","timestamp":"2025-10-04 07:58:08"}
{"duration":"382ms","endpoint":"YNE","level":"info","message":"API call","method":"orderBook","service":"mexc-trader","status":200,"timestamp":"2025-10-04 07:58:08"}
{"error":"Не авторизован - проверьте UID","level":"error","message":"Браузер не работает","service":"mexc-trader","timestamp":"2025-10-04 07:58:09"}
{"level":"warn","message":"Authentication","reason":"Не авторизован - проверьте UID","service":"mexc-trader","status":"failed","timestamp":"2025-10-04 07:58:09"}
{"endpoint":"YNE","level":"info","message":"API call","method":"canTrade","service":"mexc-trader","status":200,"timestamp":"2025-10-04 07:58:09"}
{"level":"info","message":"Executing primary operation","service":"mexc-trader","timestamp":"2025-10-04 07:58:09"}
{"level":"info","message":"Primary operation succeeded","service":"mexc-trader","timestamp":"2025-10-04 07:58:09"}
{"duration":"293ms","endpoint":"YNE","level":"info","message":"API call","method":"orderBook","service":"mexc-trader","status":200,"timestamp":"2025-10-04 07:58:09"}
{"endpoint":"YNE","level":"info","message":"API call","method":"canTrade","service":"mexc-trader","status":200,"timestamp":"2025-10-04 07:58:10"}
{"level":"info","message":"Executing primary operation","service":"mexc-trader","timestamp":"2025-10-04 07:58:10"}
{"level":"info","message":"Primary operation succeeded","service":"mexc-trader","timestamp":"2025-10-04 07:58:10"}
{"duration":"339ms","endpoint":"YNE","level":"info","message":"API call","method":"orderBook","service":"mexc-trader","status":200,"timestamp":"2025-10-04 07:58:10"}
{"endpoint":"YNE","level":"info","message":"API call","method":"canTrade","service":"mexc-trader","status":200,"timestamp":"2025-10-04 07:58:11"}
{"level":"info","message":"Executing primary operation","service":"mexc-trader","timestamp":"2025-10-04 07:58:11"}
{"level":"info","message":"Primary operation succeeded","service":"mexc-trader","timestamp":"2025-10-04 07:58:11"}
{"duration":"298ms","endpoint":"YNE","level":"info","message":"API call","method":"orderBook","service":"mexc-trader","status":200,"timestamp":"2025-10-04 07:58:11"}
{"endpoint":"YNE","level":"info","message":"API call","method":"canTrade","service":"mexc-trader","status":200,"timestamp":"2025-10-04 07:58:12"}
{"level":"info","message":"Executing primary operation","service":"mexc-trader","timestamp":"2025-10-04 07:58:12"}
{"level":"info","message":"Primary operation succeeded","service":"mexc-trader","timestamp":"2025-10-04 07:58:12"}
{"duration":"354ms","endpoint":"YNE","level":"info","message":"API call","method":"orderBook","service":"mexc-trader","status":200,"timestamp":"2025-10-04 07:58:12"}
{"endpoint":"YNE","level":"info","message":"API call","method":"canTrade","service":"mexc-trader","status":200,"timestamp":"2025-10-04 07:58:13"}
{"level":"info","message":"Executing primary operation","service":"mexc-trader","timestamp":"2025-10-04 07:58:13"}
{"level":"info","message":"Primary operation succeeded","service":"mexc-trader","timestamp":"2025-10-04 07:58:13"}
{"duration":"319ms","endpoint":"YNE","level":"info","message":"API call","method":"orderBook","service":"mexc-trader","status":200,"timestamp":"2025-10-04 07:58:13"}
{"endpoint":"YNE","level":"info","message":"API call","method":"canTrade","service":"mexc-trader","status":200,"timestamp":"2025-10-04 07:58:14"}
{"level":"info","message":"Executing primary operation","service":"mexc-trader","timestamp":"2025-10-04 07:58:14"}
{"level":"info","message":"Primary operation succeeded","service":"mexc-trader","timestamp":"2025-10-04 07:58:14"}
{"duration":"306ms","endpoint":"YNE","level":"info","message":"API call","method":"orderBook","service":"mexc-trader","status":200,"timestamp":"2025-10-04 07:58:14"}
{"endpoint":"YNE","level":"info","message":"API call","method":"canTrade","service":"mexc-trader","status":200,"timestamp":"2025-10-04 07:58:15"}
{"level":"info","message":"Executing primary operation","service":"mexc-trader","timestamp":"2025-10-04 07:58:15"}
{"level":"info","message":"Primary operation succeeded","service":"mexc-trader","timestamp":"2025-10-04 07:58:15"}
{"duration":"298ms","endpoint":"YNE","level":"info","message":"API call","method":"orderBook","service":"mexc-trader","status":200,"timestamp":"2025-10-04 07:58:15"}
{"endpoint":"YNE","level":"info","message":"API call","method":"canTrade","service":"mexc-trader","status":200,"timestamp":"2025-10-04 07:58:16"}
{"level":"info","message":"Executing primary operation","service":"mexc-trader","timestamp":"2025-10-04 07:58:16"}
{"level":"info","message":"Primary operation succeeded","service":"mexc-trader","timestamp":"2025-10-04 07:58:16"}
{"duration":"298ms","endpoint":"YNE","level":"info","message":"API call","method":"orderBook","service":"mexc-trader","status":200,"timestamp":"2025-10-04 07:58:16"}
{"endpoint":"YNE","level":"info","message":"API call","method":"canTrade","service":"mexc-trader","status":200,"timestamp":"2025-10-04 07:58:17"}
{"level":"info","message":"Executing primary operation","service":"mexc-trader","timestamp":"2025-10-04 07:58:17"}
{"level":"info","message":"Primary operation succeeded","service":"mexc-trader","timestamp":"2025-10-04 07:58:17"}
{"duration":"357ms","endpoint":"YNE","level":"info","message":"API call","method":"orderBook","service":"mexc-trader","status":200,"timestamp":"2025-10-04 07:58:17"}
{"endpoint":"YNE","level":"info","message":"API call","method":"canTrade","service":"mexc-trader","status":200,"timestamp":"2025-10-04 07:58:18"}
{"level":"info","message":"Executing primary operation","service":"mexc-trader","timestamp":"2025-10-04 07:58:18"}
{"level":"info","message":"Primary operation succeeded","service":"mexc-trader","timestamp":"2025-10-04 07:58:18"}
{"duration":"310ms","endpoint":"YNE","level":"info","message":"API call","method":"orderBook","service":"mexc-trader","status":200,"timestamp":"2025-10-04 07:58:18"}
{"endpoint":"YNE","level":"info","message":"API call","method":"canTrade","service":"mexc-trader","status":200,"timestamp":"2025-10-04 07:58:19"}
{"level":"info","message":"Executing primary operation","service":"mexc-trader","timestamp":"2025-10-04 07:58:19"}
{"level":"info","message":"Primary operation succeeded","service":"mexc-trader","timestamp":"2025-10-04 07:58:19"}
{"duration":"333ms","endpoint":"YNE","level":"info","message":"API call","method":"orderBook","service":"mexc-trader","status":200,"timestamp":"2025-10-04 07:58:19"}
{"endpoint":"YNE","level":"info","message":"API call","method":"canTrade","service":"mexc-trader","status":200,"timestamp":"2025-10-04 07:58:20"}
{"level":"info","message":"Executing primary operation","service":"mexc-trader","timestamp":"2025-10-04 07:58:20"}
{"level":"info","message":"Primary operation succeeded","service":"mexc-trader","timestamp":"2025-10-04 07:58:20"}
{"duration":"295ms","endpoint":"YNE","level":"info","message":"API call","method":"orderBook","service":"mexc-trader","status":200,"timestamp":"2025-10-04 07:58:20"}
{"endpoint":"YNE","level":"info","message":"API call","method":"canTrade","service":"mexc-trader","status":200,"timestamp":"2025-10-04 07:58:21"}
{"level":"info","message":"Executing primary operation","service":"mexc-trader","timestamp":"2025-10-04 07:58:21"}
{"level":"info","message":"Primary operation succeeded","service":"mexc-trader","timestamp":"2025-10-04 07:58:21"}
{"duration":"308ms","endpoint":"YNE","level":"info","message":"API call","method":"orderBook","service":"mexc-trader","status":200,"timestamp":"2025-10-04 07:58:21"}
{"endpoint":"YNE","level":"info","message":"API call","method":"canTrade","service":"mexc-trader","status":200,"timestamp":"2025-10-04 07:58:22"}
{"level":"info","message":"Executing primary operation","service":"mexc-trader","timestamp":"2025-10-04 07:58:22"}
{"level":"info","message":"Primary operation succeeded","service":"mexc-trader","timestamp":"2025-10-04 07:58:22"}
{"duration":"313ms","endpoint":"YNE","level":"info","message":"API call","method":"orderBook","service":"mexc-trader","status":200,"timestamp":"2025-10-04 07:58:22"}
{"endpoint":"YNE","level":"info","message":"API call","method":"canTrade","service":"mexc-trader","status":200,"timestamp":"2025-10-04 07:58:23"}
{"level":"info","message":"Executing primary operation","service":"mexc-trader","timestamp":"2025-10-04 07:58:23"}
{"level":"info","message":"Primary operation succeeded","service":"mexc-trader","timestamp":"2025-10-04 07:58:23"}
{"duration":"303ms","endpoint":"YNE","level":"info","message":"API call","method":"orderBook","service":"mexc-trader","status":200,"timestamp":"2025-10-04 07:58:23"}
{"endpoint":"YNE","level":"info","message":"API call","method":"canTrade","service":"mexc-trader","status":200,"timestamp":"2025-10-04 07:58:24"}
{"level":"info","message":"Executing primary operation","service":"mexc-trader","timestamp":"2025-10-04 07:58:24"}
{"level":"info","message":"Primary operation succeeded","service":"mexc-trader","timestamp":"2025-10-04 07:58:24"}
{"duration":"299ms","endpoint":"YNE","level":"info","message":"API call","method":"orderBook","service":"mexc-trader","status":200,"timestamp":"2025-10-04 07:58:24"}
{"endpoint":"YNE","level":"info","message":"API call","method":"canTrade","service":"mexc-trader","status":200,"timestamp":"2025-10-04 07:58:25"}
{"level":"info","message":"Executing primary operation","service":"mexc-trader","timestamp":"2025-10-04 07:58:25"}
{"level":"info","message":"Primary operation succeeded","service":"mexc-trader","timestamp":"2025-10-04 07:58:25"}
{"duration":"352ms","endpoint":"YNE","level":"info","message":"API call","method":"orderBook","service":"mexc-trader","status":200,"timestamp":"2025-10-04 07:58:25"}
{"endpoint":"YNE","level":"info","message":"API call","method":"canTrade","service":"mexc-trader","status":200,"timestamp":"2025-10-04 07:58:26"}
{"level":"info","message":"Executing primary operation","service":"mexc-trader","timestamp":"2025-10-04 07:58:26"}
{"level":"info","message":"Primary operation succeeded","service":"mexc-trader","timestamp":"2025-10-04 07:58:26"}
{"duration":"297ms","endpoint":"YNE","level":"info","message":"API call","method":"orderBook","service":"mexc-trader","status":200,"timestamp":"2025-10-04 07:58:26"}
{"endpoint":"YNE","level":"info","message":"API call","method":"canTrade","service":"mexc-trader","status":200,"timestamp":"2025-10-04 07:58:27"}
{"level":"info","message":"Executing primary operation","service":"mexc-trader","timestamp":"2025-10-04 07:58:27"}
{"level":"info","message":"Primary operation succeeded","service":"mexc-trader","timestamp":"2025-10-04 07:58:27"}
{"duration":"380ms","endpoint":"YNE","level":"info","message":"API call","method":"orderBook","service":"mexc-trader","status":200,"timestamp":"2025-10-04 07:58:27"}
{"endpoint":"YNE","level":"info","message":"API call","method":"canTrade","service":"mexc-trader","status":200,"timestamp":"2025-10-04 07:58:28"}
{"level":"info","message":"Executing primary operation","service":"mexc-trader","timestamp":"2025-10-04 07:58:28"}
{"level":"info","message":"Primary operation succeeded","service":"mexc-trader","timestamp":"2025-10-04 07:58:28"}
{"duration":"290ms","endpoint":"YNE","level":"info","message":"API call","method":"orderBook","service":"mexc-trader","status":200,"timestamp":"2025-10-04 07:58:28"}
{"endpoint":"YNE","level":"info","message":"API call","method":"canTrade","service":"mexc-trader","status":200,"timestamp":"2025-10-04 07:58:29"}
{"level":"info","message":"Executing primary operation","service":"mexc-trader","timestamp":"2025-10-04 07:58:29"}
{"level":"info","message":"Primary operation succeeded","service":"mexc-trader","timestamp":"2025-10-04 07:58:29"}
{"duration":"329ms","endpoint":"YNE","level":"info","message":"API call","method":"orderBook","service":"mexc-trader","status":200,"timestamp":"2025-10-04 07:58:29"}
{"endpoint":"YNE","level":"info","message":"API call","method":"canTrade","service":"mexc-trader","status":200,"timestamp":"2025-10-04 07:58:30"}
{"level":"info","message":"Executing primary operation","service":"mexc-trader","timestamp":"2025-10-04 07:58:30"}
{"level":"info","message":"Primary operation succeeded","service":"mexc-trader","timestamp":"2025-10-04 07:58:30"}
{"duration":"325ms","endpoint":"YNE","level":"info","message":"API call","method":"orderBook","service":"mexc-trader","status":200,"timestamp":"2025-10-04 07:58:30"}
{"endpoint":"YNE","level":"info","message":"API call","method":"canTrade","service":"mexc-trader","status":200,"timestamp":"2025-10-04 07:58:31"}
{"level":"info","message":"Executing primary operation","service":"mexc-trader","timestamp":"2025-10-04 07:58:31"}
{"component":"browser","level":"error","message":"Health check","responseTime":0,"retryCount":1,"service":"mexc-trader","status":"unhealthy","timestamp":"2025-10-04 07:58:31"}
{"activeConnections":0,"component":"websocket","level":"info","message":"Health check","service":"mexc-trader","status":"healthy","timestamp":"2025-10-04 07:58:31"}
{"component":"system","level":"error","memoryUsagePercent":83,"message":"Health check","service":"mexc-trader","status":"unhealthy","timestamp":"2025-10-04 07:58:31","uptime":80}
{"endpoint":"BTC","level":"info","message":"API call","method":"canTrade","service":"mexc-trader","status":200,"timestamp":"2025-10-04 07:58:31"}
{"component":"api","level":"info","message":"Health check","responseTime":20,"service":"mexc-trader","status":"healthy","timestamp":"2025-10-04 07:58:31"}
{"degradedComponents":1,"level":"info","message":"Health check completed","service":"mexc-trader","status":"unhealthy","timestamp":"2025-10-04 07:58:31","unhealthyComponents":1}
{"components":["browser","system"],"level":"warn","message":"System health degraded","service":"mexc-trader","status":"unhealthy","timestamp":"2025-10-04 07:58:31"}
{"level":"info","message":"Primary operation succeeded","service":"mexc-trader","timestamp":"2025-10-04 07:58:31"}
{"duration":"393ms","endpoint":"YNE","level":"info","message":"API call","method":"orderBook","service":"mexc-trader","status":200,"timestamp":"2025-10-04 07:58:31"}
{"endpoint":"YNE","level":"info","message":"API call","method":"canTrade","service":"mexc-trader","status":200,"timestamp":"2025-10-04 07:58:32"}
{"level":"info","message":"Executing primary operation","service":"mexc-trader","timestamp":"2025-10-04 07:58:32"}
{"level":"info","message":"Primary operation succeeded","service":"mexc-trader","timestamp":"2025-10-04 07:58:33"}
{"duration":"366ms","endpoint":"YNE","level":"info","message":"API call","method":"orderBook","service":"mexc-trader","status":200,"timestamp":"2025-10-04 07:58:33"}
{"endpoint":"YNE","level":"info","message":"API call","method":"canTrade","service":"mexc-trader","status":200,"timestamp":"2025-10-04 07:58:33"}
{"level":"info","message":"Executing primary operation","service":"mexc-trader","timestamp":"2025-10-04 07:58:33"}
{"level":"info","message":"Primary operation succeeded","service":"mexc-trader","timestamp":"2025-10-04 07:58:33"}
{"duration":"386ms","endpoint":"YNE","level":"info","message":"API call","method":"orderBook","service":"mexc-trader","status":200,"timestamp":"2025-10-04 07:58:34"}
{"endpoint":"YNE","level":"info","message":"API call","method":"canTrade","service":"mexc-trader","status":200,"timestamp":"2025-10-04 07:58:34"}
{"level":"info","message":"Executing primary operation","service":"mexc-trader","timestamp":"2025-10-04 07:58:34"}
{"level":"info","message":"Primary operation succeeded","service":"mexc-trader","timestamp":"2025-10-04 07:58:34"}
{"duration":"305ms","endpoint":"YNE","level":"info","message":"API call","method":"orderBook","service":"mexc-trader","status":200,"timestamp":"2025-10-04 07:58:34"}
{"endpoint":"YNE","level":"info","message":"API call","method":"canTrade","service":"mexc-trader","status":200,"timestamp":"2025-10-04 07:58:35"}
{"level":"info","message":"Executing primary operation","service":"mexc-trader","timestamp":"2025-10-04 07:58:35"}
{"level":"info","message":"Primary operation succeeded","service":"mexc-trader","timestamp":"2025-10-04 07:58:36"}
{"duration":"415ms","endpoint":"YNE","level":"info","message":"API call","method":"orderBook","service":"mexc-trader","status":200,"timestamp":"2025-10-04 07:58:36"}
{"endpoint":"YNE","level":"info","message":"API call","method":"canTrade","service":"mexc-trader","status":200,"timestamp":"2025-10-04 07:58:36"}
{"level":"info","message":"Executing primary operation","service":"mexc-trader","timestamp":"2025-10-04 07:58:36"}
{"error":"Не авторизован - проверьте UID","level":"error","message":"Браузер не работает","service":"mexc-trader","timestamp":"2025-10-04 07:58:36"}
{"level":"warn","message":"Authentication","reason":"Не авторизован - проверьте UID","service":"mexc-trader","status":"failed","timestamp":"2025-10-04 07:58:36"}
{"level":"info","message":"Primary operation succeeded","service":"mexc-trader","timestamp":"2025-10-04 07:58:36"}
{"duration":"306ms","endpoint":"YNE","level":"info","message":"API call","method":"orderBook","service":"mexc-trader","status":200,"timestamp":"2025-10-04 07:58:36"}
{"endpoint":"YNE","level":"info","message":"API call","method":"canTrade","service":"mexc-trader","status":200,"timestamp":"2025-10-04 07:58:37"}
{"level":"info","message":"Executing primary operation","service":"mexc-trader","timestamp":"2025-10-04 07:58:37"}
{"level":"info","message":"Primary operation succeeded","service":"mexc-trader","timestamp":"2025-10-04 07:58:37"}
{"duration":"291ms","endpoint":"YNE","level":"info","message":"API call","method":"orderBook","service":"mexc-trader","status":200,"timestamp":"2025-10-04 07:58:37"}
{"endpoint":"YNE","level":"info","message":"API call","method":"canTrade","service":"mexc-trader","status":200,"timestamp":"2025-10-04 07:58:38"}
{"level":"info","message":"Executing primary operation","service":"mexc-trader","timestamp":"2025-10-04 07:58:38"}
{"level":"info","message":"Primary operation succeeded","service":"mexc-trader","timestamp":"2025-10-04 07:58:39"}
{"duration":"349ms","endpoint":"YNE","level":"info","message":"API call","method":"orderBook","service":"mexc-trader","status":200,"timestamp":"2025-10-04 07:58:39"}
{"endpoint":"YNE","level":"info","message":"API call","method":"canTrade","service":"mexc-trader","status":200,"timestamp":"2025-10-04 07:58:39"}
{"level":"info","message":"Executing primary operation","service":"mexc-trader","timestamp":"2025-10-04 07:58:39"}
{"level":"info","message":"Primary operation succeeded","service":"mexc-trader","timestamp":"2025-10-04 07:58:39"}
{"duration":"328ms","endpoint":"YNE","level":"info","message":"API call","method":"orderBook","service":"mexc-trader","status":200,"timestamp":"2025-10-04 07:58:39"}
{"endpoint":"YNE","level":"info","message":"API call","method":"canTrade","service":"mexc-trader","status":200,"timestamp":"2025-10-04 07:58:40"}
{"level":"info","message":"Executing primary operation","service":"mexc-trader","timestamp":"2025-10-04 07:58:40"}
{"level":"info","message":"Primary operation succeeded","service":"mexc-trader","timestamp":"2025-10-04 07:58:40"}
{"duration":"306ms","endpoint":"YNE","level":"info","message":"API call","method":"orderBook","service":"mexc-trader","status":200,"timestamp":"2025-10-04 07:58:40"}
{"endpoint":"YNE","level":"info","message":"API call","method":"canTrade","service":"mexc-trader","status":200,"timestamp":"2025-10-04 07:58:41"}
{"level":"info","message":"Executing primary operation","service":"mexc-trader","timestamp":"2025-10-04 07:58:41"}
{"level":"info","message":"Primary operation succeeded","service":"mexc-trader","timestamp":"2025-10-04 07:58:41"}
{"duration":"299ms","endpoint":"YNE","level":"info","message":"API call","method":"orderBook","service":"mexc-trader","status":200,"timestamp":"2025-10-04 07:58:41"}
{"endpoint":"YNE","level":"info","message":"API call","method":"canTrade","service":"mexc-trader","status":200,"timestamp":"2025-10-04 07:58:42"}
{"level":"info","message":"Executing primary operation","service":"mexc-trader","timestamp":"2025-10-04 07:58:42"}
{"level":"info","message":"Primary operation succeeded","service":"mexc-trader","timestamp":"2025-10-04 07:58:43"}
{"duration":"407ms","endpoint":"YNE","level":"info","message":"API call","method":"orderBook","service":"mexc-trader","status":200,"timestamp":"2025-10-04 07:58:43"}
{"endpoint":"YNE","level":"info","message":"API call","method":"canTrade","service":"mexc-trader","status":200,"timestamp":"2025-10-04 07:58:43"}
{"level":"info","message":"Executing primary operation","service":"mexc-trader","timestamp":"2025-10-04 07:58:43"}
{"level":"info","message":"Primary operation succeeded","service":"mexc-trader","timestamp":"2025-10-04 07:58:44"}
{"duration":"376ms","endpoint":"YNE","level":"info","message":"API call","method":"orderBook","service":"mexc-trader","status":200,"timestamp":"2025-10-04 07:58:44"}
{"endpoint":"YNE","level":"info","message":"API call","method":"canTrade","service":"mexc-trader","status":200,"timestamp":"2025-10-04 07:58:44"}
{"level":"info","message":"Executing primary operation","service":"mexc-trader","timestamp":"2025-10-04 07:58:44"}
{"level":"info","message":"Primary operation succeeded","service":"mexc-trader","timestamp":"2025-10-04 07:58:45"}
{"duration":"626ms","endpoint":"YNE","level":"info","message":"API call","method":"orderBook","service":"mexc-trader","status":200,"timestamp":"2025-10-04 07:58:45"}
{"endpoint":"YNE","level":"info","message":"API call","method":"canTrade","service":"mexc-trader","status":200,"timestamp":"2025-10-04 07:58:45"}
{"level":"info","message":"Executing primary operation","service":"mexc-trader","timestamp":"2025-10-04 07:58:45"}
{"level":"info","message":"Primary operation succeeded","service":"mexc-trader","timestamp":"2025-10-04 07:58:45"}
{"duration":"321ms","endpoint":"YNE","level":"info","message":"API call","method":"orderBook","service":"mexc-trader","status":200,"timestamp":"2025-10-04 07:58:45"}
{"endpoint":"YNE","level":"info","message":"API call","method":"canTrade","service":"mexc-trader","status":200,"timestamp":"2025-10-04 07:58:46"}
{"level":"info","message":"Executing primary operation","service":"mexc-trader","timestamp":"2025-10-04 07:58:46"}
{"level":"info","message":"Primary operation succeeded","service":"mexc-trader","timestamp":"2025-10-04 07:58:46"}
{"duration":"296ms","endpoint":"YNE","level":"info","message":"API call","method":"orderBook","service":"mexc-trader","status":200,"timestamp":"2025-10-04 07:58:46"}
{"endpoint":"YNE","level":"info","message":"API call","method":"canTrade","service":"mexc-trader","status":200,"timestamp":"2025-10-04 07:58:47"}
{"level":"info","message":"Executing primary operation","service":"mexc-trader","timestamp":"2025-10-04 07:58:47"}
{"level":"info","message":"Primary operation succeeded","service":"mexc-trader","timestamp":"2025-10-04 07:58:48"}
{"duration":"397ms","endpoint":"YNE","level":"info","message":"API call","method":"orderBook","service":"mexc-trader","status":200,"timestamp":"2025-10-04 07:58:48"}
{"endpoint":"YNE","level":"info","message":"API call","method":"canTrade","service":"mexc-trader","status":200,"timestamp":"2025-10-04 07:58:48"}
{"level":"info","message":"Executing primary operation","service":"mexc-trader","timestamp":"2025-10-04 07:58:48"}
{"level":"info","message":"Primary operation succeeded","service":"mexc-trader","timestamp":"2025-10-04 07:58:48"}
{"duration":"297ms","endpoint":"YNE","level":"info","message":"API call","method":"orderBook","service":"mexc-trader","status":200,"timestamp":"2025-10-04 07:58:48"}
{"endpoint":"YNE","level":"info","message":"API call","method":"canTrade","service":"mexc-trader","status":200,"timestamp":"2025-10-04 07:58:49"}
{"level":"info","message":"Executing primary operation","service":"mexc-trader","timestamp":"2025-10-04 07:58:49"}
{"level":"info","message":"Primary operation succeeded","service":"mexc-trader","timestamp":"2025-10-04 07:58:49"}
{"duration":"312ms","endpoint":"YNE","level":"info","message":"API call","method":"orderBook","service":"mexc-trader","status":200,"timestamp":"2025-10-04 07:58:49"}
{"endpoint":"YNE","level":"info","message":"API call","method":"canTrade","service":"mexc-trader","status":200,"timestamp":"2025-10-04 07:58:50"}
{"level":"info","message":"Executing primary operation","service":"mexc-trader","timestamp":"2025-10-04 07:58:50"}
{"level":"info","message":"Primary operation succeeded","service":"mexc-trader","timestamp":"2025-10-04 07:58:50"}
{"duration":"331ms","endpoint":"YNE","level":"info","message":"API call","method":"orderBook","service":"mexc-trader","status":200,"timestamp":"2025-10-04 07:58:50"}
{"endpoint":"YNE","level":"info","message":"API call","method":"canTrade","service":"mexc-trader","status":200,"timestamp":"2025-10-04 07:58:51"}
{"level":"info","message":"Executing primary operation","service":"mexc-trader","timestamp":"2025-10-04 07:58:51"}
{"level":"info","message":"Primary operation succeeded","service":"mexc-trader","timestamp":"2025-10-04 07:58:52"}
{"duration":"345ms","endpoint":"YNE","level":"info","message":"API call","method":"orderBook","service":"mexc-trader","status":200,"timestamp":"2025-10-04 07:58:52"}
{"endpoint":"YNE","level":"info","message":"API call","method":"canTrade","service":"mexc-trader","status":200,"timestamp":"2025-10-04 07:58:52"}
{"level":"info","message":"Executing primary operation","service":"mexc-trader","timestamp":"2025-10-04 07:58:52"}
{"level":"info","message":"Primary operation succeeded","service":"mexc-trader","timestamp":"2025-10-04 07:58:52"}
{"duration":"289ms","endpoint":"YNE","level":"info","message":"API call","method":"orderBook","service":"mexc-trader","status":200,"timestamp":"2025-10-04 07:58:52"}
{"endpoint":"YNE","level":"info","message":"API call","method":"canTrade","service":"mexc-trader","status":200,"timestamp":"2025-10-04 07:58:53"}
{"level":"info","message":"Executing primary operation","service":"mexc-trader","timestamp":"2025-10-04 07:58:53"}
{"level":"info","message":"Primary operation succeeded","service":"mexc-trader","timestamp":"2025-10-04 07:58:53"}
{"duration":"292ms","endpoint":"YNE","level":"info","message":"API call","method":"orderBook","service":"mexc-trader","status":200,"timestamp":"2025-10-04 07:58:53"}
{"endpoint":"YNE","level":"info","message":"API call","method":"canTrade","service":"mexc-trader","status":200,"timestamp":"2025-10-04 07:58:54"}
{"level":"info","message":"Executing primary operation","service":"mexc-trader","timestamp":"2025-10-04 07:58:54"}
{"level":"info","message":"Primary operation succeeded","service":"mexc-trader","timestamp":"2025-10-04 07:58:55"}
{"duration":"325ms","endpoint":"YNE","level":"info","message":"API call","method":"orderBook","service":"mexc-trader","status":200,"timestamp":"2025-10-04 07:58:55"}
{"endpoint":"YNE","level":"info","message":"API call","method":"canTrade","service":"mexc-trader","status":200,"timestamp":"2025-10-04 07:58:55"}
{"level":"info","message":"Executing primary operation","service":"mexc-trader","timestamp":"2025-10-04 07:58:55"}
{"level":"info","message":"Primary operation succeeded","service":"mexc-trader","timestamp":"2025-10-04 07:58:56"}
{"duration":"320ms","endpoint":"YNE","level":"info","message":"API call","method":"orderBook","service":"mexc-trader","status":200,"timestamp":"2025-10-04 07:58:56"}
{"endpoint":"YNE","level":"info","message":"API call","method":"canTrade","service":"mexc-trader","status":200,"timestamp":"2025-10-04 07:58:56"}
{"level":"info","message":"Executing primary operation","service":"mexc-trader","timestamp":"2025-10-04 07:58:56"}
{"level":"info","message":"Primary operation succeeded","service":"mexc-trader","timestamp":"2025-10-04 07:58:56"}
{"duration":"304ms","endpoint":"YNE","level":"info","message":"API call","method":"orderBook","service":"mexc-trader","status":200,"timestamp":"2025-10-04 07:58:56"}
{"endpoint":"YNE","level":"info","message":"API call","method":"canTrade","service":"mexc-trader","status":200,"timestamp":"2025-10-04 07:58:57"}
{"level":"info","message":"Executing primary operation","service":"mexc-trader","timestamp":"2025-10-04 07:58:57"}
{"level":"info","message":"Primary operation succeeded","service":"mexc-trader","timestamp":"2025-10-04 07:58:57"}
{"duration":"303ms","endpoint":"YNE","level":"info","message":"API call","method":"orderBook","service":"mexc-trader","status":200,"timestamp":"2025-10-04 07:58:57"}
{"endpoint":"YNE","level":"info","message":"API call","method":"canTrade","service":"mexc-trader","status":200,"timestamp":"2025-10-04 07:58:58"}
{"level":"info","message":"Executing primary operation","service":"mexc-trader","timestamp":"2025-10-04 07:58:58"}
{"level":"info","message":"Primary operation succeeded","service":"mexc-trader","timestamp":"2025-10-04 07:58:59"}
{"duration":"338ms","endpoint":"YNE","level":"info","message":"API call","method":"orderBook","service":"mexc-trader","status":200,"timestamp":"2025-10-04 07:58:59"}
{"endpoint":"YNE","level":"info","message":"API call","method":"canTrade","service":"mexc-trader","status":200,"timestamp":"2025-10-04 07:58:59"}
{"level":"info","message":"Executing primary operation","service":"mexc-trader","timestamp":"2025-10-04 07:58:59"}
{"level":"info","message":"Primary operation succeeded","service":"mexc-trader","timestamp":"2025-10-04 07:59:00"}
{"duration":"341ms","endpoint":"YNE","level":"info","message":"API call","method":"orderBook","service":"mexc-trader","status":200,"timestamp":"2025-10-04 07:59:00"}
{"endpoint":"YNE","level":"info","message":"API call","method":"canTrade","service":"mexc-trader","status":200,"timestamp":"2025-10-04 07:59:00"}
{"level":"info","message":"Executing primary operation","service":"mexc-trader","timestamp":"2025-10-04 07:59:00"}
{"level":"info","message":"Primary operation succeeded","service":"mexc-trader","timestamp":"2025-10-04 07:59:00"}
{"duration":"294ms","endpoint":"YNE","level":"info","message":"API call","method":"orderBook","service":"mexc-trader","status":200,"timestamp":"2025-10-04 07:59:00"}
{"endpoint":"YNE","level":"info","message":"API call","method":"canTrade","service":"mexc-trader","status":200,"timestamp":"2025-10-04 07:59:01"}
{"level":"info","message":"Executing primary operation","service":"mexc-trader","timestamp":"2025-10-04 07:59:01"}
{"level":"info","message":"Primary operation succeeded","service":"mexc-trader","timestamp":"2025-10-04 07:59:02"}
{"duration":"302ms","endpoint":"YNE","level":"info","message":"API call","method":"orderBook","service":"mexc-trader","status":200,"timestamp":"2025-10-04 07:59:02"}
{"endpoint":"YNE","level":"info","message":"API call","method":"canTrade","service":"mexc-trader","status":200,"timestamp":"2025-10-04 07:59:02"}
{"level":"info","message":"Executing primary operation","service":"mexc-trader","timestamp":"2025-10-04 07:59:02"}
{"level":"info","message":"Primary operation succeeded","service":"mexc-trader","timestamp":"2025-10-04 07:59:03"}
{"duration":"449ms","endpoint":"YNE","level":"info","message":"API call","method":"orderBook","service":"mexc-trader","status":200,"timestamp":"2025-10-04 07:59:03"}
{"endpoint":"YNE","level":"info","message":"API call","method":"canTrade","service":"mexc-trader","status":200,"timestamp":"2025-10-04 07:59:03"}
{"level":"info","message":"Executing primary operation","service":"mexc-trader","timestamp":"2025-10-04 07:59:03"}
{"level":"info","message":"Primary operation succeeded","service":"mexc-trader","timestamp":"2025-10-04 07:59:04"}
{"duration":"326ms","endpoint":"YNE","level":"info","message":"API call","method":"orderBook","service":"mexc-trader","status":200,"timestamp":"2025-10-04 07:59:04"}
{"endpoint":"YNE","level":"info","message":"API call","method":"canTrade","service":"mexc-trader","status":200,"timestamp":"2025-10-04 07:59:04"}
{"level":"info","message":"Executing primary operation","service":"mexc-trader","timestamp":"2025-10-04 07:59:04"}
{"level":"info","message":"Primary operation succeeded","service":"mexc-trader","timestamp":"2025-10-04 07:59:05"}
{"duration":"408ms","endpoint":"YNE","level":"info","message":"API call","method":"orderBook","service":"mexc-trader","status":200,"timestamp":"2025-10-04 07:59:05"}
{"endpoint":"YNE","level":"info","message":"API call","method":"canTrade","service":"mexc-trader","status":200,"timestamp":"2025-10-04 07:59:05"}
{"level":"info","message":"Executing primary operation","service":"mexc-trader","timestamp":"2025-10-04 07:59:05"}
{"error":"Не авторизован - проверьте UID","level":"error","message":"Браузер не работает","service":"mexc-trader","timestamp":"2025-10-04 07:59:05"}
{"level":"warn","message":"Authentication","reason":"Не авторизован - проверьте UID","service":"mexc-trader","status":"failed","timestamp":"2025-10-04 07:59:05"}
{"level":"info","message":"Primary operation succeeded","service":"mexc-trader","timestamp":"2025-10-04 07:59:05"}
{"duration":"282ms","endpoint":"YNE","level":"info","message":"API call","method":"orderBook","service":"mexc-trader","status":200,"timestamp":"2025-10-04 07:59:05"}
{"endpoint":"YNE","level":"info","message":"API call","method":"canTrade","service":"mexc-trader","status":200,"timestamp":"2025-10-04 07:59:06"}
{"level":"info","message":"Executing primary operation","service":"mexc-trader","timestamp":"2025-10-04 07:59:06"}
{"level":"info","message":"Primary operation succeeded","service":"mexc-trader","timestamp":"2025-10-04 07:59:07"}
{"duration":"306ms","endpoint":"YNE","level":"info","message":"API call","method":"orderBook","service":"mexc-trader","status":200,"timestamp":"2025-10-04 07:59:07"}
{"endpoint":"YNE","level":"info","message":"API call","method":"canTrade","service":"mexc-trader","status":200,"timestamp":"2025-10-04 07:59:07"}
{"level":"info","message":"Executing primary operation","service":"mexc-trader","timestamp":"2025-10-04 07:59:07"}
{"level":"info","message":"Primary operation succeeded","service":"mexc-trader","timestamp":"2025-10-04 07:59:08"}
{"duration":"316ms","endpoint":"YNE","level":"info","message":"API call","method":"orderBook","service":"mexc-trader","status":200,"timestamp":"2025-10-04 07:59:08"}
{"endpoint":"YNE","level":"info","message":"API call","method":"canTrade","service":"mexc-trader","status":200,"timestamp":"2025-10-04 07:59:08"}
{"level":"info","message":"Executing primary operation","service":"mexc-trader","timestamp":"2025-10-04 07:59:08"}
{"level":"info","message":"Primary operation succeeded","service":"mexc-trader","timestamp":"2025-10-04 07:59:08"}
{"duration":"300ms","endpoint":"YNE","level":"info","message":"API call","method":"orderBook","service":"mexc-trader","status":200,"timestamp":"2025-10-04 07:59:09"}
{"endpoint":"YNE","level":"info","message":"API call","method":"canTrade","service":"mexc-trader","status":200,"timestamp":"2025-10-04 07:59:09"}
{"level":"info","message":"Executing primary operation","service":"mexc-trader","timestamp":"2025-10-04 07:59:09"}
{"level":"info","message":"Primary operation succeeded","service":"mexc-trader","timestamp":"2025-10-04 07:59:10"}
{"duration":"334ms","endpoint":"YNE","level":"info","message":"API call","method":"orderBook","service":"mexc-trader","status":200,"timestamp":"2025-10-04 07:59:10"}
{"endpoint":"YNE","level":"info","message":"API call","method":"canTrade","service":"mexc-trader","status":200,"timestamp":"2025-10-04 07:59:10"}
{"level":"info","message":"Executing primary operation","service":"mexc-trader","timestamp":"2025-10-04 07:59:10"}
{"level":"info","message":"Primary operation succeeded","service":"mexc-trader","timestamp":"2025-10-04 07:59:10"}
{"duration":"298ms","endpoint":"YNE","level":"info","message":"API call","method":"orderBook","service":"mexc-trader","status":200,"timestamp":"2025-10-04 07:59:10"}
{"endpoint":"YNE","level":"info","message":"API call","method":"canTrade","service":"mexc-trader","status":200,"timestamp":"2025-10-04 07:59:11"}
{"level":"info","message":"Executing primary operation","service":"mexc-trader","timestamp":"2025-10-04 07:59:11"}
{"level":"info","message":"Primary operation succeeded","service":"mexc-trader","timestamp":"2025-10-04 07:59:12"}
{"duration":"321ms","endpoint":"YNE","level":"info","message":"API call","method":"orderBook","service":"mexc-trader","status":200,"timestamp":"2025-10-04 07:59:12"}
{"endpoint":"YNE","level":"info","message":"API call","method":"canTrade","service":"mexc-trader","status":200,"timestamp":"2025-10-04 07:59:12"}
{"level":"info","message":"Executing primary operation","service":"mexc-trader","timestamp":"2025-10-04 07:59:12"}
{"level":"info","message":"Primary operation succeeded","service":"mexc-trader","timestamp":"2025-10-04 07:59:13"}
{"duration":"417ms","endpoint":"YNE","level":"info","message":"API call","method":"orderBook","service":"mexc-trader","status":200,"timestamp":"2025-10-04 07:59:13"}
{"endpoint":"YNE","level":"info","message":"API call","method":"canTrade","service":"mexc-trader","status":200,"timestamp":"2025-10-04 07:59:13"}
{"level":"info","message":"Executing primary operation","service":"mexc-trader","timestamp":"2025-10-04 07:59:13"}
{"level":"info","message":"Primary operation succeeded","service":"mexc-trader","timestamp":"2025-10-04 07:59:13"}
{"duration":"294ms","endpoint":"YNE","level":"info","message":"API call","method":"orderBook","service":"mexc-trader","status":200,"timestamp":"2025-10-04 07:59:14"}
{"endpoint":"YNE","level":"info","message":"API call","method":"canTrade","service":"mexc-trader","status":200,"timestamp":"2025-10-04 07:59:14"}
{"level":"info","message":"Executing primary operation","service":"mexc-trader","timestamp":"2025-10-04 07:59:14"}
{"level":"info","message":"Primary operation succeeded","service":"mexc-trader","timestamp":"2025-10-04 07:59:15"}
{"duration":"301ms","endpoint":"YNE","level":"info","message":"API call","method":"orderBook","service":"mexc-trader","status":200,"timestamp":"2025-10-04 07:59:15"}
{"endpoint":"YNE","level":"info","message":"API call","method":"canTrade","service":"mexc-trader","status":200,"timestamp":"2025-10-04 07:59:15"}
{"level":"info","message":"Executing primary operation","service":"mexc-trader","timestamp":"2025-10-04 07:59:15"}
{"level":"info","message":"Primary operation succeeded","service":"mexc-trader","timestamp":"2025-10-04 07:59:15"}
{"duration":"303ms","endpoint":"YNE","level":"info","message":"API call","method":"orderBook","service":"mexc-trader","status":200,"timestamp":"2025-10-04 07:59:16"}
{"endpoint":"YNE","level":"info","message":"API call","method":"canTrade","service":"mexc-trader","status":200,"timestamp":"2025-10-04 07:59:16"}
{"level":"info","message":"Executing primary operation","service":"mexc-trader","timestamp":"2025-10-04 07:59:16"}
{"level":"info","message":"Primary operation succeeded","service":"mexc-trader","timestamp":"2025-10-04 07:59:17"}
{"duration":"309ms","endpoint":"YNE","level":"info","message":"API call","method":"orderBook","service":"mexc-trader","status":200,"timestamp":"2025-10-04 07:59:17"}
{"endpoint":"YNE","level":"info","message":"API call","method":"canTrade","service":"mexc-trader","status":200,"timestamp":"2025-10-04 07:59:17"}
{"level":"info","message":"Executing primary operation","service":"mexc-trader","timestamp":"2025-10-04 07:59:17"}
{"level":"info","message":"Primary operation succeeded","service":"mexc-trader","timestamp":"2025-10-04 07:59:18"}
{"duration":"301ms","endpoint":"YNE","level":"info","message":"API call","method":"orderBook","service":"mexc-trader","status":200,"timestamp":"2025-10-04 07:59:18"}
{"endpoint":"YNE","level":"info","message":"API call","method":"canTrade","service":"mexc-trader","status":200,"timestamp":"2025-10-04 07:59:18"}
{"level":"info","message":"Executing primary operation","service":"mexc-trader","timestamp":"2025-10-04 07:59:18"}
{"level":"info","message":"Primary operation succeeded","service":"mexc-trader","timestamp":"2025-10-04 07:59:19"}
{"duration":"309ms","endpoint":"YNE","level":"info","message":"API call","method":"orderBook","service":"mexc-trader","status":200,"timestamp":"2025-10-04 07:59:19"}
{"endpoint":"YNE","level":"info","message":"API call","method":"canTrade","service":"mexc-trader","status":200,"timestamp":"2025-10-04 07:59:19"}
{"level":"info","message":"Executing primary operation","service":"mexc-trader","timestamp":"2025-10-04 07:59:19"}
{"level":"info","message":"Primary operation succeeded","service":"mexc-trader","timestamp":"2025-10-04 07:59:20"}
{"duration":"390ms","endpoint":"YNE","level":"info","message":"API call","method":"orderBook","service":"mexc-trader","status":200,"timestamp":"2025-10-04 07:59:20"}
{"endpoint":"YNE","level":"info","message":"API call","method":"canTrade","service":"mexc-trader","status":200,"timestamp":"2025-10-04 07:59:20"}
{"level":"info","message":"Executing primary operation","service":"mexc-trader","timestamp":"2025-10-04 07:59:20"}
{"level":"info","message":"Primary operation succeeded","service":"mexc-trader","timestamp":"2025-10-04 07:59:21"}
{"duration":"596ms","endpoint":"YNE","level":"info","message":"API call","method":"orderBook","service":"mexc-trader","status":200,"timestamp":"2025-10-04 07:59:21"}
{"endpoint":"YNE","level":"info","message":"API call","method":"canTrade","service":"mexc-trader","status":200,"timestamp":"2025-10-04 07:59:21"}
{"level":"info","message":"Executing primary operation","service":"mexc-trader","timestamp":"2025-10-04 07:59:21"}
{"level":"info","message":"Primary operation succeeded","service":"mexc-trader","timestamp":"2025-10-04 07:59:22"}
{"duration":"285ms","endpoint":"YNE","level":"info","message":"API call","method":"orderBook","service":"mexc-trader","status":200,"timestamp":"2025-10-04 07:59:22"}
{"endpoint":"YNE","level":"info","message":"API call","method":"canTrade","service":"mexc-trader","status":200,"timestamp":"2025-10-04 07:59:22"}
{"level":"info","message":"Executing primary operation","service":"mexc-trader","timestamp":"2025-10-04 07:59:22"}
{"level":"info","message":"Primary operation succeeded","service":"mexc-trader","timestamp":"2025-10-04 07:59:23"}
{"duration":"409ms","endpoint":"YNE","level":"info","message":"API call","method":"orderBook","service":"mexc-trader","status":200,"timestamp":"2025-10-04 07:59:23"}
{"endpoint":"YNE","level":"info","message":"API call","method":"canTrade","service":"mexc-trader","status":200,"timestamp":"2025-10-04 07:59:23"}
{"level":"info","message":"Executing primary operation","service":"mexc-trader","timestamp":"2025-10-04 07:59:23"}
{"level":"info","message":"Primary operation succeeded","service":"mexc-trader","timestamp":"2025-10-04 07:59:24"}
{"duration":"418ms","endpoint":"YNE","level":"info","message":"API call","method":"orderBook","service":"mexc-trader","status":200,"timestamp":"2025-10-04 07:59:24"}
{"endpoint":"YNE","level":"info","message":"API call","method":"canTrade","service":"mexc-trader","status":200,"timestamp":"2025-10-04 07:59:24"}
{"level":"info","message":"Executing primary operation","service":"mexc-trader","timestamp":"2025-10-04 07:59:24"}
{"level":"info","message":"Primary operation succeeded","service":"mexc-trader","timestamp":"2025-10-04 07:59:25"}
{"duration":"264ms","endpoint":"YNE","level":"info","message":"API call","method":"orderBook","service":"mexc-trader","status":200,"timestamp":"2025-10-04 07:59:25"}
{"endpoint":"YNE","level":"info","message":"API call","method":"canTrade","service":"mexc-trader","status":200,"timestamp":"2025-10-04 07:59:25"}
{"level":"info","message":"Executing primary operation","service":"mexc-trader","timestamp":"2025-10-04 07:59:25"}
{"level":"info","message":"Primary operation succeeded","service":"mexc-trader","timestamp":"2025-10-04 07:59:26"}
{"duration":"394ms","endpoint":"YNE","level":"info","message":"API call","method":"orderBook","service":"mexc-trader","status":200,"timestamp":"2025-10-04 07:59:26"}
{"endpoint":"YNE","level":"info","message":"API call","method":"canTrade","service":"mexc-trader","status":200,"timestamp":"2025-10-04 07:59:26"}
{"level":"info","message":"Executing primary operation","service":"mexc-trader","timestamp":"2025-10-04 07:59:26"}
{"level":"info","message":"Primary operation succeeded","service":"mexc-trader","timestamp":"2025-10-04 07:59:27"}
{"duration":"390ms","endpoint":"YNE","level":"info","message":"API call","method":"orderBook","service":"mexc-trader","status":200,"timestamp":"2025-10-04 07:59:27"}
{"endpoint":"YNE","level":"info","message":"API call","method":"canTrade","service":"mexc-trader","status":200,"timestamp":"2025-10-04 07:59:27"}
{"level":"info","message":"Executing primary operation","service":"mexc-trader","timestamp":"2025-10-04 07:59:27"}
{"level":"info","message":"Primary operation succeeded","service":"mexc-trader","timestamp":"2025-10-04 07:59:28"}
{"duration":"288ms","endpoint":"YNE","level":"info","message":"API call","method":"orderBook","service":"mexc-trader","status":200,"timestamp":"2025-10-04 07:59:28"}
{"endpoint":"YNE","level":"info","message":"API call","method":"canTrade","service":"mexc-trader","status":200,"timestamp":"2025-10-04 07:59:28"}
{"level":"info","message":"Executing primary operation","service":"mexc-trader","timestamp":"2025-10-04 07:59:28"}
{"level":"info","message":"Primary operation succeeded","service":"mexc-trader","timestamp":"2025-10-04 07:59:29"}
{"duration":"311ms","endpoint":"YNE","level":"info","message":"API call","method":"orderBook","service":"mexc-trader","status":200,"timestamp":"2025-10-04 07:59:29"}
{"endpoint":"YNE","level":"info","message":"API call","method":"canTrade","service":"mexc-trader","status":200,"timestamp":"2025-10-04 07:59:29"}
{"level":"info","message":"Executing primary operation","service":"mexc-trader","timestamp":"2025-10-04 07:59:29"}
{"level":"info","message":"Primary operation succeeded","service":"mexc-trader","timestamp":"2025-10-04 07:59:30"}
{"duration":"388ms","endpoint":"YNE","level":"info","message":"API call","method":"orderBook","service":"mexc-trader","status":200,"timestamp":"2025-10-04 07:59:30"}
{"endpoint":"YNE","level":"info","message":"API call","method":"canTrade","service":"mexc-trader","status":200,"timestamp":"2025-10-04 07:59:30"}
{"level":"info","message":"Executing primary operation","service":"mexc-trader","timestamp":"2025-10-04 07:59:30"}
{"level":"info","message":"Primary operation succeeded","service":"mexc-trader","timestamp":"2025-10-04 07:59:31"}
{"duration":"306ms","endpoint":"YNE","level":"info","message":"API call","method":"orderBook","service":"mexc-trader","status":200,"timestamp":"2025-10-04 07:59:31"}
{"component":"browser","level":"error","message":"Health check","responseTime":0,"retryCount":3,"service":"mexc-trader","status":"unhealthy","timestamp":"2025-10-04 07:59:31"}
{"activeConnections":0,"component":"websocket","level":"info","message":"Health check","service":"mexc-trader","status":"healthy","timestamp":"2025-10-04 07:59:31"}
{"component":"system","level":"error","memoryUsagePercent":93,"message":"Health check","service":"mexc-trader","status":"unhealthy","timestamp":"2025-10-04 07:59:31","uptime":140}
{"endpoint":"BTC","level":"info","message":"API call","method":"canTrade","service":"mexc-trader","status":200,"timestamp":"2025-10-04 07:59:31"}
{"component":"api","level":"info","message":"Health check","responseTime":3,"service":"mexc-trader","status":"healthy","timestamp":"2025-10-04 07:59:31"}
{"degradedComponents":0,"level":"info","message":"Health check completed","service":"mexc-trader","status":"unhealthy","timestamp":"2025-10-04 07:59:31","unhealthyComponents":2}
{"components":["browser","system"],"level":"warn","message":"System health degraded","service":"mexc-trader","status":"unhealthy","timestamp":"2025-10-04 07:59:31"}
{"error":"Превышено максимальное количество попыток - требуется новый UID","level":"error","message":"Браузер не работает","service":"mexc-trader","timestamp":"2025-10-04 07:59:31"}
{"endpoint":"YNE","level":"info","message":"API call","method":"canTrade","service":"mexc-trader","status":200,"timestamp":"2025-10-04 07:59:31"}
{"level":"info","message":"Executing primary operation","service":"mexc-trader","timestamp":"2025-10-04 07:59:31"}
{"level":"info","message":"Primary operation succeeded","service":"mexc-trader","timestamp":"2025-10-04 07:59:32"}
{"duration":"297ms","endpoint":"YNE","level":"info","message":"API call","method":"orderBook","service":"mexc-trader","status":200,"timestamp":"2025-10-04 07:59:32"}
{"endpoint":"YNE","level":"info","message":"API call","method":"canTrade","service":"mexc-trader","status":200,"timestamp":"2025-10-04 07:59:32"}
{"level":"info","message":"Executing primary operation","service":"mexc-trader","timestamp":"2025-10-04 07:59:32"}
{"level":"info","message":"Primary operation succeeded","service":"mexc-trader","timestamp":"2025-10-04 07:59:33"}
{"duration":"352ms","endpoint":"YNE","level":"info","message":"API call","method":"orderBook","service":"mexc-trader","status":200,"timestamp":"2025-10-04 07:59:33"}
{"endpoint":"YNE","level":"info","message":"API call","method":"canTrade","service":"mexc-trader","status":200,"timestamp":"2025-10-04 07:59:33"}
{"level":"info","message":"Executing primary operation","service":"mexc-trader","timestamp":"2025-10-04 07:59:33"}
{"level":"info","message":"Primary operation succeeded","service":"mexc-trader","timestamp":"2025-10-04 07:59:34"}
{"duration":"478ms","endpoint":"YNE","level":"info","message":"API call","method":"orderBook","service":"mexc-trader","status":200,"timestamp":"2025-10-04 07:59:34"}
{"endpoint":"YNE","level":"info","message":"API call","method":"canTrade","service":"mexc-trader","status":200,"timestamp":"2025-10-04 07:59:34"}
{"level":"info","message":"Executing primary operation","service":"mexc-trader","timestamp":"2025-10-04 07:59:34"}
{"level":"info","message":"Primary operation succeeded","service":"mexc-trader","timestamp":"2025-10-04 07:59:35"}
{"duration":"290ms","endpoint":"YNE","level":"info","message":"API call","method":"orderBook","service":"mexc-trader","status":200,"timestamp":"2025-10-04 07:59:35"}
{"endpoint":"YNE","level":"info","message":"API call","method":"canTrade","service":"mexc-trader","status":200,"timestamp":"2025-10-04 07:59:36"}
{"level":"info","message":"Executing primary operation","service":"mexc-trader","timestamp":"2025-10-04 07:59:36"}
{"endpoint":"YNE","level":"info","message":"API call","method":"canTrade","service":"mexc-trader","status":200,"timestamp":"2025-10-04 07:59:37"}
{"level":"info","message":"Executing primary operation","service":"mexc-trader","timestamp":"2025-10-04 07:59:37"}
{"level":"info","message":"Primary operation succeeded","service":"mexc-trader","timestamp":"2025-10-04 07:59:37"}
{"duration":"1050ms","endpoint":"YNE","level":"info","message":"API call","method":"orderBook","service":"mexc-trader","status":200,"timestamp":"2025-10-04 07:59:37"}
{"level":"info","message":"Primary operation succeeded","service":"mexc-trader","timestamp":"2025-10-04 07:59:37"}
{"duration":"317ms","endpoint":"YNE","level":"info","message":"API call","method":"orderBook","service":"mexc-trader","status":200,"timestamp":"2025-10-04 07:59:37"}
{"endpoint":"YNE","level":"info","message":"API call","method":"canTrade","service":"mexc-trader","status":200,"timestamp":"2025-10-04 07:59:38"}
{"level":"info","message":"Executing primary operation","service":"mexc-trader","timestamp":"2025-10-04 07:59:38"}
{"level":"info","message":"Primary operation succeeded","service":"mexc-trader","timestamp":"2025-10-04 07:59:38"}
{"duration":"304ms","endpoint":"YNE","level":"info","message":"API call","method":"orderBook","service":"mexc-trader","status":200,"timestamp":"2025-10-04 07:59:38"}
{"endpoint":"YNE","level":"info","message":"API call","method":"canTrade","service":"mexc-trader","status":200,"timestamp":"2025-10-04 07:59:39"}
{"level":"info","message":"Executing primary operation","service":"mexc-trader","timestamp":"2025-10-04 07:59:39"}
{"level":"info","message":"Primary operation succeeded","service":"mexc-trader","timestamp":"2025-10-04 07:59:40"}
{"duration":"611ms","endpoint":"YNE","level":"info","message":"API call","method":"orderBook","service":"mexc-trader","status":200,"timestamp":"2025-10-04 07:59:40"}
{"endpoint":"YNE","level":"info","message":"API call","method":"canTrade","service":"mexc-trader","status":200,"timestamp":"2025-10-04 07:59:40"}
{"level":"info","message":"Executing primary operation","service":"mexc-trader","timestamp":"2025-10-04 07:59:40"}
{"level":"info","message":"Primary operation succeeded","service":"mexc-trader","timestamp":"2025-10-04 07:59:40"}
{"duration":"553ms","endpoint":"YNE","level":"info","message":"API call","method":"orderBook","service":"mexc-trader","status":200,"timestamp":"2025-10-04 07:59:40"}
{"endpoint":"YNE","level":"info","message":"API call","method":"canTrade","service":"mexc-trader","status":200,"timestamp":"2025-10-04 07:59:41"}
{"level":"info","message":"Executing primary operation","service":"mexc-trader","timestamp":"2025-10-04 07:59:41"}
{"level":"info","message":"Primary operation succeeded","service":"mexc-trader","timestamp":"2025-10-04 07:59:41"}
{"duration":"656ms","endpoint":"YNE","level":"info","message":"API call","method":"orderBook","service":"mexc-trader","status":200,"timestamp":"2025-10-04 07:59:41"}
{"endpoint":"YNE","level":"info","message":"API call","method":"canTrade","service":"mexc-trader","status":200,"timestamp":"2025-10-04 07:59:42"}
{"level":"info","message":"Executing primary operation","service":"mexc-trader","timestamp":"2025-10-04 07:59:42"}
{"level":"info","message":"Primary operation succeeded","service":"mexc-trader","timestamp":"2025-10-04 07:59:42"}
{"duration":"247ms","endpoint":"YNE","level":"info","message":"API call","method":"orderBook","service":"mexc-trader","status":200,"timestamp":"2025-10-04 07:59:42"}
{"endpoint":"YNE","level":"info","message":"API call","method":"canTrade","service":"mexc-trader","status":200,"timestamp":"2025-10-04 07:59:43"}
{"level":"info","message":"Executing primary operation","service":"mexc-trader","timestamp":"2025-10-04 07:59:43"}
{"level":"info","message":"Primary operation succeeded","service":"mexc-trader","timestamp":"2025-10-04 07:59:43"}
{"duration":"321ms","endpoint":"YNE","level":"info","message":"API call","method":"orderBook","service":"mexc-trader","status":200,"timestamp":"2025-10-04 07:59:43"}
{"endpoint":"YNE","level":"info","message":"API call","method":"canTrade","service":"mexc-trader","status":200,"timestamp":"2025-10-04 07:59:44"}
{"level":"info","message":"Executing primary operation","service":"mexc-trader","timestamp":"2025-10-04 07:59:44"}
{"level":"info","message":"Primary operation succeeded","service":"mexc-trader","timestamp":"2025-10-04 07:59:45"}
{"duration":"1023ms","endpoint":"YNE","level":"info","message":"API call","method":"orderBook","service":"mexc-trader","status":200,"timestamp":"2025-10-04 07:59:45"}
{"endpoint":"YNE","level":"info","message":"API call","method":"canTrade","service":"mexc-trader","status":200,"timestamp":"2025-10-04 07:59:45"}
{"level":"info","message":"Executing primary operation","service":"mexc-trader","timestamp":"2025-10-04 07:59:45"}
{"level":"info","message":"Primary operation succeeded","service":"mexc-trader","timestamp":"2025-10-04 07:59:45"}
{"duration":"312ms","endpoint":"YNE","level":"info","message":"API call","method":"orderBook","service":"mexc-trader","status":200,"timestamp":"2025-10-04 07:59:45"}
{"endpoint":"YNE","level":"info","message":"API call","method":"canTrade","service":"mexc-trader","status":200,"timestamp":"2025-10-04 07:59:46"}
{"level":"info","message":"Executing primary operation","service":"mexc-trader","timestamp":"2025-10-04 07:59:46"}
{"level":"info","message":"Primary operation succeeded","service":"mexc-trader","timestamp":"2025-10-04 07:59:46"}
{"duration":"298ms","endpoint":"YNE","level":"info","message":"API call","method":"orderBook","service":"mexc-trader","status":200,"timestamp":"2025-10-04 07:59:46"}
{"endpoint":"YNE","level":"info","message":"API call","method":"canTrade","service":"mexc-trader","status":200,"timestamp":"2025-10-04 07:59:47"}
{"level":"info","message":"Executing primary operation","service":"mexc-trader","timestamp":"2025-10-04 07:59:47"}
{"level":"info","message":"Primary operation succeeded","service":"mexc-trader","timestamp":"2025-10-04 07:59:47"}
{"duration":"299ms","endpoint":"YNE","level":"info","message":"API call","method":"orderBook","service":"mexc-trader","status":200,"timestamp":"2025-10-04 07:59:47"}
{"endpoint":"YNE","level":"info","message":"API call","method":"canTrade","service":"mexc-trader","status":200,"timestamp":"2025-10-04 07:59:48"}
{"level":"info","message":"Executing primary operation","service":"mexc-trader","timestamp":"2025-10-04 07:59:48"}
{"level":"info","message":"Primary operation succeeded","service":"mexc-trader","timestamp":"2025-10-04 07:59:48"}
{"duration":"355ms","endpoint":"YNE","level":"info","message":"API call","method":"orderBook","service":"mexc-trader","status":200,"timestamp":"2025-10-04 07:59:48"}
{"endpoint":"YNE","level":"info","message":"API call","method":"canTrade","service":"mexc-trader","status":200,"timestamp":"2025-10-04 07:59:49"}
{"level":"info","message":"Executing primary operation","service":"mexc-trader","timestamp":"2025-10-04 07:59:49"}
{"level":"info","message":"Primary operation succeeded","service":"mexc-trader","timestamp":"2025-10-04 07:59:49"}
{"duration":"317ms","endpoint":"YNE","level":"info","message":"API call","method":"orderBook","service":"mexc-trader","status":200,"timestamp":"2025-10-04 07:59:49"}
{"endpoint":"YNE","level":"info","message":"API call","method":"canTrade","service":"mexc-trader","status":200,"timestamp":"2025-10-04 07:59:50"}
{"level":"info","message":"Executing primary operation","service":"mexc-trader","timestamp":"2025-10-04 07:59:50"}
{"level":"info","message":"Primary operation succeeded","service":"mexc-trader","timestamp":"2025-10-04 07:59:50"}
{"duration":"305ms","endpoint":"YNE","level":"info","message":"API call","method":"orderBook","service":"mexc-trader","status":200,"timestamp":"2025-10-04 07:59:50"}
{"endpoint":"YNE","level":"info","message":"API call","method":"canTrade","service":"mexc-trader","status":200,"timestamp":"2025-10-04 07:59:51"}
{"level":"info","message":"Executing primary operation","service":"mexc-trader","timestamp":"2025-10-04 07:59:51"}
{"level":"info","message":"Primary operation succeeded","service":"mexc-trader","timestamp":"2025-10-04 07:59:51"}
{"duration":"299ms","endpoint":"YNE","level":"info","message":"API call","method":"orderBook","service":"mexc-trader","status":200,"timestamp":"2025-10-04 07:59:51"}
{"endpoint":"YNE","level":"info","message":"API call","method":"canTrade","service":"mexc-trader","status":200,"timestamp":"2025-10-04 07:59:52"}
{"level":"info","message":"Executing primary operation","service":"mexc-trader","timestamp":"2025-10-04 07:59:52"}
{"level":"info","message":"Primary operation succeeded","service":"mexc-trader","timestamp":"2025-10-04 07:59:52"}
{"duration":"291ms","endpoint":"YNE","level":"info","message":"API call","method":"orderBook","service":"mexc-trader","status":200,"timestamp":"2025-10-04 07:59:52"}
{"endpoint":"YNE","level":"info","message":"API call","method":"canTrade","service":"mexc-trader","status":200,"timestamp":"2025-10-04 07:59:53"}
{"level":"info","message":"Executing primary operation","service":"mexc-trader","timestamp":"2025-10-04 07:59:53"}
{"level":"info","message":"Primary operation succeeded","service":"mexc-trader","timestamp":"2025-10-04 07:59:53"}
{"duration":"329ms","endpoint":"YNE","level":"info","message":"API call","method":"orderBook","service":"mexc-trader","status":200,"timestamp":"2025-10-04 07:59:53"}
{"endpoint":"YNE","level":"info","message":"API call","method":"canTrade","service":"mexc-trader","status":200,"timestamp":"2025-10-04 07:59:54"}
{"level":"info","message":"Executing primary operation","service":"mexc-trader","timestamp":"2025-10-04 07:59:54"}
{"level":"info","message":"Primary operation succeeded","service":"mexc-trader","timestamp":"2025-10-04 07:59:54"}
{"duration":"382ms","endpoint":"YNE","level":"info","message":"API call","method":"orderBook","service":"mexc-trader","status":200,"timestamp":"2025-10-04 07:59:54"}
{"endpoint":"YNE","level":"info","message":"API call","method":"canTrade","service":"mexc-trader","status":200,"timestamp":"2025-10-04 07:59:55"}
{"level":"info","message":"Executing primary operation","service":"mexc-trader","timestamp":"2025-10-04 07:59:55"}
{"level":"info","message":"Primary operation succeeded","service":"mexc-trader","timestamp":"2025-10-04 07:59:55"}
{"duration":"334ms","endpoint":"YNE","level":"info","message":"API call","method":"orderBook","service":"mexc-trader","status":200,"timestamp":"2025-10-04 07:59:55"}
{"endpoint":"YNE","level":"info","message":"API call","method":"canTrade","service":"mexc-trader","status":200,"timestamp":"2025-10-04 07:59:56"}
{"level":"info","message":"Executing primary operation","service":"mexc-trader","timestamp":"2025-10-04 07:59:56"}
{"level":"info","message":"Primary operation succeeded","service":"mexc-trader","timestamp":"2025-10-04 07:59:56"}
{"duration":"250ms","endpoint":"YNE","level":"info","message":"API call","method":"orderBook","service":"mexc-trader","status":200,"timestamp":"2025-10-04 07:59:56"}
{"endpoint":"YNE","level":"info","message":"API call","method":"canTrade","service":"mexc-trader","status":200,"timestamp":"2025-10-04 07:59:57"}
{"level":"info","message":"Executing primary operation","service":"mexc-trader","timestamp":"2025-10-04 07:59:57"}
{"level":"info","message":"Primary operation succeeded","service":"mexc-trader","timestamp":"2025-10-04 07:59:57"}
{"duration":"331ms","endpoint":"YNE","level":"info","message":"API call","method":"orderBook","service":"mexc-trader","status":200,"timestamp":"2025-10-04 07:59:57"}
{"endpoint":"YNE","level":"info","message":"API call","method":"canTrade","service":"mexc-trader","status":200,"timestamp":"2025-10-04 07:59:58"}
{"level":"info","message":"Executing primary operation","service":"mexc-trader","timestamp":"2025-10-04 07:59:58"}
{"level":"info","message":"Primary operation succeeded","service":"mexc-trader","timestamp":"2025-10-04 07:59:58"}
{"duration":"535ms","endpoint":"YNE","level":"info","message":"API call","method":"orderBook","service":"mexc-trader","status":200,"timestamp":"2025-10-04 07:59:59"}
{"endpoint":"YNE","level":"info","message":"API call","method":"canTrade","service":"mexc-trader","status":200,"timestamp":"2025-10-04 07:59:59"}
{"level":"info","message":"Executing primary operation","service":"mexc-trader","timestamp":"2025-10-04 07:59:59"}
{"level":"info","message":"Primary operation succeeded","service":"mexc-trader","timestamp":"2025-10-04 07:59:59"}
{"duration":"358ms","endpoint":"YNE","level":"info","message":"API call","method":"orderBook","service":"mexc-trader","status":200,"timestamp":"2025-10-04 07:59:59"}
{"endpoint":"YNE","level":"info","message":"API call","method":"canTrade","service":"mexc-trader","status":200,"timestamp":"2025-10-04 08:00:00"}
{"level":"info","message":"Executing primary operation","service":"mexc-trader","timestamp":"2025-10-04 08:00:00"}
{"level":"info","message":"Primary operation succeeded","service":"mexc-trader","timestamp":"2025-10-04 08:00:00"}
{"duration":"305ms","endpoint":"YNE","level":"info","message":"API call","method":"orderBook","service":"mexc-trader","status":200,"timestamp":"2025-10-04 08:00:00"}
{"endpoint":"YNE","level":"info","message":"API call","method":"canTrade","service":"mexc-trader","status":200,"timestamp":"2025-10-04 08:00:01"}
{"level":"info","message":"Executing primary operation","service":"mexc-trader","timestamp":"2025-10-04 08:00:01"}
{"error":"Превышено максимальное количество попыток - требуется новый UID","level":"error","message":"Браузер не работает","service":"mexc-trader","timestamp":"2025-10-04 08:00:01"}
{"level":"info","message":"Primary operation succeeded","service":"mexc-trader","timestamp":"2025-10-04 08:00:01"}
{"duration":"324ms","endpoint":"YNE","level":"info","message":"API call","method":"orderBook","service":"mexc-trader","status":200,"timestamp":"2025-10-04 08:00:01"}
{"endpoint":"YNE","level":"info","message":"API call","method":"canTrade","service":"mexc-trader","status":200,"timestamp":"2025-10-04 08:00:02"}
{"level":"info","message":"Executing primary operation","service":"mexc-trader","timestamp":"2025-10-04 08:00:02"}
{"level":"info","message":"Primary operation succeeded","service":"mexc-trader","timestamp":"2025-10-04 08:00:02"}
{"duration":"355ms","endpoint":"YNE","level":"info","message":"API call","method":"orderBook","service":"mexc-trader","status":200,"timestamp":"2025-10-04 08:00:02"}
{"endpoint":"YNE","level":"info","message":"API call","method":"canTrade","service":"mexc-trader","status":200,"timestamp":"2025-10-04 08:00:03"}
{"level":"info","message":"Executing primary operation","service":"mexc-trader","timestamp":"2025-10-04 08:00:03"}
{"level":"info","message":"Primary operation succeeded","service":"mexc-trader","timestamp":"2025-10-04 08:00:03"}
{"duration":"369ms","endpoint":"YNE","level":"info","message":"API call","method":"orderBook","service":"mexc-trader","status":200,"timestamp":"2025-10-04 08:00:04"}
{"endpoint":"YNE","level":"info","message":"API call","method":"canTrade","service":"mexc-trader","status":200,"timestamp":"2025-10-04 08:00:04"}
{"level":"info","message":"Executing primary operation","service":"mexc-trader","timestamp":"2025-10-04 08:00:04"}
{"level":"info","message":"Primary operation succeeded","service":"mexc-trader","timestamp":"2025-10-04 08:00:04"}
{"duration":"349ms","endpoint":"YNE","level":"info","message":"API call","method":"orderBook","service":"mexc-trader","status":200,"timestamp":"2025-10-04 08:00:04"}
{"endpoint":"YNE","level":"info","message":"API call","method":"canTrade","service":"mexc-trader","status":200,"timestamp":"2025-10-04 08:00:05"}
{"level":"info","message":"Executing primary operation","service":"mexc-trader","timestamp":"2025-10-04 08:00:05"}
{"level":"info","message":"Primary operation succeeded","service":"mexc-trader","timestamp":"2025-10-04 08:00:05"}
{"duration":"339ms","endpoint":"YNE","level":"info","message":"API call","method":"orderBook","service":"mexc-trader","status":200,"timestamp":"2025-10-04 08:00:05"}
{"endpoint":"YNE","level":"info","message":"API call","method":"canTrade","service":"mexc-trader","status":200,"timestamp":"2025-10-04 08:00:06"}
{"level":"info","message":"Executing primary operation","service":"mexc-trader","timestamp":"2025-10-04 08:00:06"}
{"level":"info","message":"Primary operation succeeded","service":"mexc-trader","timestamp":"2025-10-04 08:00:07"}
{"duration":"467ms","endpoint":"YNE","level":"info","message":"API call","method":"orderBook","service":"mexc-trader","status":200,"timestamp":"2025-10-04 08:00:07"}
{"endpoint":"YNE","level":"info","message":"API call","method":"canTrade","service":"mexc-trader","status":200,"timestamp":"2025-10-04 08:00:07"}
{"level":"info","message":"Executing primary operation","service":"mexc-trader","timestamp":"2025-10-04 08:00:07"}
{"level":"info","message":"Primary operation succeeded","service":"mexc-trader","timestamp":"2025-10-04 08:00:07"}
{"duration":"519ms","endpoint":"YNE","level":"info","message":"API call","method":"orderBook","service":"mexc-trader","status":200,"timestamp":"2025-10-04 08:00:08"}
{"endpoint":"YNE","level":"info","message":"API call","method":"canTrade","service":"mexc-trader","status":200,"timestamp":"2025-10-04 08:00:08"}
{"level":"info","message":"Executing primary operation","service":"mexc-trader","timestamp":"2025-10-04 08:00:08"}
{"level":"info","message":"Primary operation succeeded","service":"mexc-trader","timestamp":"2025-10-04 08:00:09"}
{"duration":"381ms","endpoint":"YNE","level":"info","message":"API call","method":"orderBook","service":"mexc-trader","status":200,"timestamp":"2025-10-04 08:00:09"}
{"endpoint":"YNE","level":"info","message":"API call","method":"canTrade","service":"mexc-trader","status":200,"timestamp":"2025-10-04 08:00:09"}
{"level":"info","message":"Executing primary operation","service":"mexc-trader","timestamp":"2025-10-04 08:00:09"}
{"level":"info","message":"Primary operation succeeded","service":"mexc-trader","timestamp":"2025-10-04 08:00:09"}
{"duration":"298ms","endpoint":"YNE","level":"info","message":"API call","method":"orderBook","service":"mexc-trader","status":200,"timestamp":"2025-10-04 08:00:09"}
{"endpoint":"YNE","level":"info","message":"API call","method":"canTrade","service":"mexc-trader","status":200,"timestamp":"2025-10-04 08:00:10"}
{"level":"info","message":"Executing primary operation","service":"mexc-trader","timestamp":"2025-10-04 08:00:10"}
{"level":"info","message":"Primary operation succeeded","service":"mexc-trader","timestamp":"2025-10-04 08:00:11"}
{"duration":"394ms","endpoint":"YNE","level":"info","message":"API call","method":"orderBook","service":"mexc-trader","status":200,"timestamp":"2025-10-04 08:00:11"}
{"endpoint":"YNE","level":"info","message":"API call","method":"canTrade","service":"mexc-trader","status":200,"timestamp":"2025-10-04 08:00:11"}
{"level":"info","message":"Executing primary operation","service":"mexc-trader","timestamp":"2025-10-04 08:00:11"}
{"level":"info","message":"Primary operation succeeded","service":"mexc-trader","timestamp":"2025-10-04 08:00:12"}
{"duration":"456ms","endpoint":"YNE","level":"info","message":"API call","method":"orderBook","service":"mexc-trader","status":200,"timestamp":"2025-10-04 08:00:12"}
{"endpoint":"YNE","level":"info","message":"API call","method":"canTrade","service":"mexc-trader","status":200,"timestamp":"2025-10-04 08:00:12"}
{"level":"info","message":"Executing primary operation","service":"mexc-trader","timestamp":"2025-10-04 08:00:12"}
{"level":"info","message":"Primary operation succeeded","service":"mexc-trader","timestamp":"2025-10-04 08:00:12"}
{"duration":"295ms","endpoint":"YNE","level":"info","message":"API call","method":"orderBook","service":"mexc-trader","status":200,"timestamp":"2025-10-04 08:00:12"}
{"endpoint":"YNE","level":"info","message":"API call","method":"canTrade","service":"mexc-trader","status":200,"timestamp":"2025-10-04 08:00:13"}
{"level":"info","message":"Executing primary operation","service":"mexc-trader","timestamp":"2025-10-04 08:00:13"}
{"level":"info","message":"Primary operation succeeded","service":"mexc-trader","timestamp":"2025-10-04 08:00:13"}
{"duration":"351ms","endpoint":"YNE","level":"info","message":"API call","method":"orderBook","service":"mexc-trader","status":200,"timestamp":"2025-10-04 08:00:13"}
{"endpoint":"YNE","level":"info","message":"API call","method":"canTrade","service":"mexc-trader","status":200,"timestamp":"2025-10-04 08:00:14"}
{"level":"info","message":"Executing primary operation","service":"mexc-trader","timestamp":"2025-10-04 08:00:14"}
{"level":"info","message":"Primary operation succeeded","service":"mexc-trader","timestamp":"2025-10-04 08:00:14"}
{"duration":"300ms","endpoint":"YNE","level":"info","message":"API call","method":"orderBook","service":"mexc-trader","status":200,"timestamp":"2025-10-04 08:00:14"}
{"endpoint":"YNE","level":"info","message":"API call","method":"canTrade","service":"mexc-trader","status":200,"timestamp":"2025-10-04 08:00:15"}
{"level":"info","message":"Executing primary operation","service":"mexc-trader","timestamp":"2025-10-04 08:00:15"}
{"level":"info","message":"Primary operation succeeded","service":"mexc-trader","timestamp":"2025-10-04 08:00:15"}
{"duration":"319ms","endpoint":"YNE","level":"info","message":"API call","method":"orderBook","service":"mexc-trader","status":200,"timestamp":"2025-10-04 08:00:15"}
{"endpoint":"YNE","level":"info","message":"API call","method":"canTrade","service":"mexc-trader","status":200,"timestamp":"2025-10-04 08:00:16"}
{"level":"info","message":"Executing primary operation","service":"mexc-trader","timestamp":"2025-10-04 08:00:16"}
{"level":"info","message":"Primary operation succeeded","service":"mexc-trader","timestamp":"2025-10-04 08:00:16"}
{"duration":"314ms","endpoint":"YNE","level":"info","message":"API call","method":"orderBook","service":"mexc-trader","status":200,"timestamp":"2025-10-04 08:00:16"}
{"endpoint":"YNE","level":"info","message":"API call","method":"canTrade","service":"mexc-trader","status":200,"timestamp":"2025-10-04 08:00:17"}
{"level":"info","message":"Executing primary operation","service":"mexc-trader","timestamp":"2025-10-04 08:00:17"}
{"level":"info","message":"Primary operation succeeded","service":"mexc-trader","timestamp":"2025-10-04 08:00:17"}
{"duration":"346ms","endpoint":"YNE","level":"info","message":"API call","method":"orderBook","service":"mexc-trader","status":200,"timestamp":"2025-10-04 08:00:17"}
{"endpoint":"YNE","level":"info","message":"API call","method":"canTrade","service":"mexc-trader","status":200,"timestamp":"2025-10-04 08:00:18"}
{"level":"info","message":"Executing primary operation","service":"mexc-trader","timestamp":"2025-10-04 08:00:18"}
{"level":"info","message":"Primary operation succeeded","service":"mexc-trader","timestamp":"2025-10-04 08:00:18"}
{"duration":"256ms","endpoint":"YNE","level":"info","message":"API call","method":"orderBook","service":"mexc-trader","status":200,"timestamp":"2025-10-04 08:00:18"}
{"endpoint":"YNE","level":"info","message":"API call","method":"canTrade","service":"mexc-trader","status":200,"timestamp":"2025-10-04 08:00:19"}
{"level":"info","message":"Executing primary operation","service":"mexc-trader","timestamp":"2025-10-04 08:00:19"}
{"level":"info","message":"Primary operation succeeded","service":"mexc-trader","timestamp":"2025-10-04 08:00:19"}
{"duration":"315ms","endpoint":"YNE","level":"info","message":"API call","method":"orderBook","service":"mexc-trader","status":200,"timestamp":"2025-10-04 08:00:19"}
{"endpoint":"YNE","level":"info","message":"API call","method":"canTrade","service":"mexc-trader","status":200,"timestamp":"2025-10-04 08:00:20"}
{"level":"info","message":"Executing primary operation","service":"mexc-trader","timestamp":"2025-10-04 08:00:20"}
{"level":"info","message":"Primary operation succeeded","service":"mexc-trader","timestamp":"2025-10-04 08:00:21"}
{"duration":"452ms","endpoint":"YNE","level":"info","message":"API call","method":"orderBook","service":"mexc-trader","status":200,"timestamp":"2025-10-04 08:00:21"}
{"endpoint":"YNE","level":"info","message":"API call","method":"canTrade","service":"mexc-trader","status":200,"timestamp":"2025-10-04 08:00:21"}
{"level":"info","message":"Executing primary operation","service":"mexc-trader","timestamp":"2025-10-04 08:00:21"}
{"level":"info","message":"Primary operation succeeded","service":"mexc-trader","timestamp":"2025-10-04 08:00:22"}
{"duration":"332ms","endpoint":"YNE","level":"info","message":"API call","method":"orderBook","service":"mexc-trader","status":200,"timestamp":"2025-10-04 08:00:22"}
{"endpoint":"YNE","level":"info","message":"API call","method":"canTrade","service":"mexc-trader","status":200,"timestamp":"2025-10-04 08:00:22"}
{"level":"info","message":"Executing primary operation","service":"mexc-trader","timestamp":"2025-10-04 08:00:22"}
{"level":"info","message":"Primary operation succeeded","service":"mexc-trader","timestamp":"2025-10-04 08:00:22"}
{"duration":"304ms","endpoint":"YNE","level":"info","message":"API call","method":"orderBook","service":"mexc-trader","status":200,"timestamp":"2025-10-04 08:00:22"}
{"endpoint":"YNE","level":"info","message":"API call","method":"canTrade","service":"mexc-trader","status":200,"timestamp":"2025-10-04 08:00:23"}
{"level":"info","message":"Executing primary operation","service":"mexc-trader","timestamp":"2025-10-04 08:00:23"}
{"level":"info","message":"Primary operation succeeded","service":"mexc-trader","timestamp":"2025-10-04 08:00:23"}
{"duration":"278ms","endpoint":"YNE","level":"info","message":"API call","method":"orderBook","service":"mexc-trader","status":200,"timestamp":"2025-10-04 08:00:23"}
{"endpoint":"YNE","level":"info","message":"API call","method":"canTrade","service":"mexc-trader","status":200,"timestamp":"2025-10-04 08:00:24"}
{"level":"info","message":"Executing primary operation","service":"mexc-trader","timestamp":"2025-10-04 08:00:24"}
{"level":"info","message":"Primary operation succeeded","service":"mexc-trader","timestamp":"2025-10-04 08:00:24"}
{"duration":"316ms","endpoint":"YNE","level":"info","message":"API call","method":"orderBook","service":"mexc-trader","status":200,"timestamp":"2025-10-04 08:00:24"}
{"endpoint":"YNE","level":"info","message":"API call","method":"canTrade","service":"mexc-trader","status":200,"timestamp":"2025-10-04 08:00:25"}
{"level":"info","message":"Executing primary operation","service":"mexc-trader","timestamp":"2025-10-04 08:00:25"}
{"level":"info","message":"Primary operation succeeded","service":"mexc-trader","timestamp":"2025-10-04 08:00:25"}
{"duration":"291ms","endpoint":"YNE","level":"info","message":"API call","method":"orderBook","service":"mexc-trader","status":200,"timestamp":"2025-10-04 08:00:25"}
{"endpoint":"YNE","level":"info","message":"API call","method":"canTrade","service":"mexc-trader","status":200,"timestamp":"2025-10-04 08:00:26"}
{"level":"info","message":"Executing primary operation","service":"mexc-trader","timestamp":"2025-10-04 08:00:26"}
{"level":"info","message":"Primary operation succeeded","service":"mexc-trader","timestamp":"2025-10-04 08:00:27"}
{"duration":"327ms","endpoint":"YNE","level":"info","message":"API call","method":"orderBook","service":"mexc-trader","status":200,"timestamp":"2025-10-04 08:00:27"}
{"endpoint":"YNE","level":"info","message":"API call","method":"canTrade","service":"mexc-trader","status":200,"timestamp":"2025-10-04 08:00:27"}
{"level":"info","message":"Executing primary operation","service":"mexc-trader","timestamp":"2025-10-04 08:00:27"}
{"level":"info","message":"Primary operation succeeded","service":"mexc-trader","timestamp":"2025-10-04 08:00:28"}
{"duration":"321ms","endpoint":"YNE","level":"info","message":"API call","method":"orderBook","service":"mexc-trader","status":200,"timestamp":"2025-10-04 08:00:28"}
{"endpoint":"YNE","level":"info","message":"API call","method":"canTrade","service":"mexc-trader","status":200,"timestamp":"2025-10-04 08:00:28"}
{"level":"info","message":"Executing primary operation","service":"mexc-trader","timestamp":"2025-10-04 08:00:28"}
{"level":"info","message":"Primary operation succeeded","service":"mexc-trader","timestamp":"2025-10-04 08:00:28"}
{"duration":"305ms","endpoint":"YNE","level":"info","message":"API call","method":"orderBook","service":"mexc-trader","status":200,"timestamp":"2025-10-04 08:00:28"}
{"endpoint":"YNE","level":"info","message":"API call","method":"canTrade","service":"mexc-trader","status":200,"timestamp":"2025-10-04 08:00:29"}
{"level":"info","message":"Executing primary operation","service":"mexc-trader","timestamp":"2025-10-04 08:00:29"}
{"level":"info","message":"Primary operation succeeded","service":"mexc-trader","timestamp":"2025-10-04 08:00:30"}
{"duration":"461ms","endpoint":"YNE","level":"info","message":"API call","method":"orderBook","service":"mexc-trader","status":200,"timestamp":"2025-10-04 08:00:30"}
{"endpoint":"YNE","level":"info","message":"API call","method":"canTrade","service":"mexc-trader","status":200,"timestamp":"2025-10-04 08:00:30"}
{"level":"info","message":"Executing primary operation","service":"mexc-trader","timestamp":"2025-10-04 08:00:30"}
{"level":"info","message":"Primary operation succeeded","service":"mexc-trader","timestamp":"2025-10-04 08:00:31"}
{"duration":"327ms","endpoint":"YNE","level":"info","message":"API call","method":"orderBook","service":"mexc-trader","status":200,"timestamp":"2025-10-04 08:00:31"}
{"endpoint":"YNE","level":"info","message":"API call","method":"canTrade","service":"mexc-trader","status":200,"timestamp":"2025-10-04 08:00:31"}
{"level":"info","message":"Executing primary operation","service":"mexc-trader","timestamp":"2025-10-04 08:00:31"}
{"component":"browser","level":"error","message":"Health check","responseTime":0,"retryCount":3,"service":"mexc-trader","status":"unhealthy","timestamp":"2025-10-04 08:00:32"}
{"activeConnections":0,"component":"websocket","level":"info","message":"Health check","service":"mexc-trader","status":"healthy","timestamp":"2025-10-04 08:00:32"}
{"component":"system","level":"error","memoryUsagePercent":96,"message":"Health check","service":"mexc-trader","status":"unhealthy","timestamp":"2025-10-04 08:00:32","uptime":200}
{"endpoint":"BTC","level":"info","message":"API call","method":"canTrade","service":"mexc-trader","status":200,"timestamp":"2025-10-04 08:00:32"}
{"component":"api","level":"info","message":"Health check","responseTime":119,"service":"mexc-trader","status":"healthy","timestamp":"2025-10-04 08:00:32"}
{"degradedComponents":0,"level":"info","message":"Health check completed","service":"mexc-trader","status":"unhealthy","timestamp":"2025-10-04 08:00:32","unhealthyComponents":2}
{"components":["browser","system"],"level":"warn","message":"System health degraded","service":"mexc-trader","status":"unhealthy","timestamp":"2025-10-04 08:00:32"}
{"error":"Превышено максимальное количество попыток - требуется новый UID","level":"error","message":"Браузер не работает","service":"mexc-trader","timestamp":"2025-10-04 08:00:32"}
{"level":"info","message":"Primary operation succeeded","service":"mexc-trader","timestamp":"2025-10-04 08:00:32"}
{"duration":"792ms","endpoint":"YNE","level":"info","message":"API call","method":"orderBook","service":"mexc-trader","status":200,"timestamp":"2025-10-04 08:00:32"}
{"level":"info","message":"Received SIGINT, starting graceful shutdown","service":"mexc-trader","timestamp":"2025-10-04 08:00:32"}
